id,name,criteria,link,deadline,amount,needBased,status,source_sheet
2c2964ef,Gates Scholarship,"High school seniors from minority backgrounds (African American, Hispanic, Asian/Pacific Islander, Native American). Pell-eligible. Must demonstrate leadership and academic excellence. 3.3+ GPA on 4.0 scale. U.S. citizen, national, or permanent resident.",https://www.thegatesscholarship.org/,2026-09-15,Full Tuition,Y,ACTIVE,built-in-verified
4d132b00,Coca-Cola Scholars Foundation,"High school seniors with leadership in school and community. U.S. citizens, nationals, permanent residents, refugees, or asylees. Must be eligible for federal financial aid. Achievement-based.",https://www.coca-colascholarsfoundation.org/apply/,2026-09-30,"$20,000",,ACTIVE,built-in-verified
a5085f17,Dell Scholars Program,Must participate in an approved college readiness program. Demonstrate need for financial assistance. GPA of 2.4+. U.S. citizen or permanent resident. Must be a current high school senior.,https://www.dellscholars.org/,2026-12-01,"$20,000",Y,ACTIVE,built-in-verified
13f1adf0,Ron Brown Scholar Program,"African American high school seniors. Must demonstrate academic excellence, leadership, and community service. U.S. citizen or permanent resident. Financial need considered.",https://ronbrown.org/ron-brown-scholarship/,2026-12-01,"$40,000",Y,ACTIVE,built-in-verified
9525030c,Horatio Alger Scholarship,"High school senior. Demonstrated financial need (family income under $55,000). Minimum 2.0 GPA. Involvement in co-curricular and community activities. U.S. citizen.",https://scholars.horatioalger.org/,2026-10-25,"$25,000",Y,ACTIVE,built-in-verified
3a09aa55,Asian & Pacific Islander American Scholarship (APIASF),"Asian American or Pacific Islander ethnicity. 2.7+ GPA. U.S. citizen, national, permanent resident, or citizen of Freely Associated States. Financial need.",https://apiascholars.org/,2026-01-11,"Up to $20,000",Y,EXPIRED,built-in-verified
07b9902b,Jack Kent Cooke Foundation College Scholarship,"High school senior with financial need (family income under $95,000). 3.5+ unweighted GPA. Standardized test scores. U.S. citizen or permanent resident.",https://www.jkcf.org/our-scholarships/,2026-11-18,"Up to $55,000/yr",Y,ACTIVE,built-in-verified
cbfdee38,Cameron Impact Scholarship,"High school seniors. Demonstrated academic achievement, community involvement, and leadership. U.S. citizens. Plan to attend four-year institution.",https://www.bryancameroneducationfoundation.org/,2026-09-14,Full Tuition,,ACTIVE,built-in-verified
3de150da,QuestBridge National College Match,"High-achieving low-income students. Typically household income under $65,000. Strong academics. High school seniors applying to partner colleges.",https://www.questbridge.org/,2026-09-26,Full Ride,Y,ACTIVE,built-in-verified
8aa23e65,Hispanic Scholarship Fund,"Of Hispanic heritage. U.S. citizen, permanent resident, or DACA eligible. Minimum 3.0 GPA. Plan to enroll full-time in accredited institution.",https://www.hsf.net/scholarship,2026-02-15,"$500-$5,000",,EXPIRED,built-in-verified
b49963b7,Posse Foundation Scholarship,Must be nominated by high school. Urban public high school students with extraordinary leadership potential. Full tuition at partner colleges.,https://www.possefoundation.org/,Nomination Only,Full Tuition,,UNKNOWN,built-in-verified
65833827,UNCF Scholarships,Underrepresented minority students. Multiple scholarship programs available year-round. Must attend an HBCU or other accredited institution.,https://uncf.org/scholarships,Varies,Varies,Y,UNKNOWN,built-in-verified
e6661a2d,Dream.US Scholarship (DREAMers),DACA or TPS recipients. First-time college students or community college transfers. Financial need. 2.5+ GPA. Must attend a partner college.,https://www.thedream.us/,2026-02-28,"Up to $33,000",Y,ACTIVE,built-in-verified
15abaa8f,Burger King Scholars Program,"High school seniors in U.S., Canada, Puerto Rico, or Guam. GPA 2.0+. Demonstrate financial need, work experience, community involvement.",https://burgerking.scholarsapply.org/,2026-12-15,"$1,000-$60,000",Y,ACTIVE,built-in-verified
fa0bda4e,Daniels Fund Scholarship,"Graduating high school seniors from CO, NM, UT, WY. Demonstrate strength of character, leadership, community service. Financial need.",https://www.danielsfund.org/scholarships,2026-11-15,Full Tuition,Y,ACTIVE,built-in-verified
d2ab9d57,Davidson Fellows Scholarship,"Students 18 or under. Must complete a significant project in STEM, literature, music, philosophy. U.S. citizen or permanent resident.",https://www.davidsongifted.org/gifted-programs/fellows-scholarship/,2026-02-11,"$10,000-$50,000",,EXPIRED,built-in-verified
4f3f26b7,National Merit Scholarship,U.S. high school students. Based on PSAT/NMSQT scores taken in junior year. Must be enrolled or plan to enroll full-time in college.,https://www.nationalmerit.org/,2026-10-01,"$2,500+",,ACTIVE,built-in-verified
9805a1f5,Jackie Robinson Foundation Scholarship,Minority high school senior with leadership potential. SAT/ACT scores considered. Financial need demonstrated. Must be U.S. citizen.,https://www.jackierobinson.org/apply/,2026-02-01,"Up to $30,000",Y,EXPIRED,built-in-verified
124a4a42,Amazon Future Engineer Scholarship,High school senior planning to study computer science. Financial need. Participation in STEM activities. Includes paid internship.,https://www.amazonfutureengineer.com/scholarships,2026-01-20,"$40,000",Y,EXPIRED,built-in-verified
1a6cbdcd,Buick Achievers Scholarship,High school senior or current undergraduate. Plan to major in a STEM field. Financial need. Leadership and community involvement.,https://www.buickachievers.com/,2026-02-28,"$25,000",Y,ACTIVE,built-in-verified
3a43c2a5,Taco Bell Live Mas Scholarship,"Ages 16-26. Must be pursuing education at an accredited institution in the U.S. Based on passion and innovation, not just grades.",https://www.tacobellfoundation.org/live-mas-scholarship/,2026-01-24,"$5,000-$25,000",,EXPIRED,built-in-verified
8ab158f4,Elks Most Valuable Student Scholarship,"U.S. citizen high school senior. Judged on scholarship, leadership, financial need. Must plan to pursue a four-year degree.",https://www.elks.org/scholars/scholarships/mvs.cfm,2026-11-05,"$12,500",Y,ACTIVE,built-in-verified
97d0cb6f,TMCF Coca-Cola First Generation HBCU Scholarship,First-generation college student. Graduating high school senior. Enrolling full-time at a TMCF member HBCU. Financial need.,https://tmcf.org/,2026-05-01,"$5,000",Y,ACTIVE,built-in-verified
33bd1417,Cobell Scholarship (Native American),Must be enrolled member of a federally recognized tribe. Undergraduate or graduate student. Financial need demonstrated.,https://cobellscholar.org/,2026-01-31,"Up to $5,000",Y,EXPIRED,built-in-verified
963a11fb,Equitable Excellence Scholarship,"High school senior. U.S. citizen or legal resident. 2.5+ GPA. Demonstrate leadership, determination, and resilience.",https://equitable.com/foundation/equitable-excellence-scholarship,2026-12-18,"$5,000/yr renewable",,ACTIVE,built-in-verified
9465a1d6,Regeneron Science Talent Search,"High school seniors in the U.S. Must submit original research project in science, math, or engineering.",https://www.societyforscience.org/regeneron-sts/,2026-11-12,"Up to $250,000",,ACTIVE,built-in-verified
9b3bc4c8,GE-Reagan Foundation Scholarship,"High school senior. U.S. citizen. Demonstrate leadership, drive, integrity, and citizenship. 3.0+ GPA.",https://www.reaganfoundation.org/education/scholarship-programs/,2026-01-05,"$10,000/yr renewable",,EXPIRED,built-in-verified
ddfbe387,Prudential Emerging Visionaries,Ages 14-18. Must have created a financial or societal solution for your community. U.S. residents.,https://www.prudential.com/emerging-visionaries,2026-11-01,"Up to $15,000",,ACTIVE,built-in-verified
8ac87a70,Black Hills State University S-STEM Scholarships,"Participants must pursue a major in Biology, Chemistry, Physical Science, Environmental Physical Science, or Mathematics.
Students must also have demonstrated financial need (as indicated on the Free Application for Federal Student Aid, or FAFSA) and have a strong academic record.
Students selected for the S-STEM Scholars Program may receive up to $10,000 in annual scholarship, which is renewable for up to four years.
These scholarship dollars can be stacked on top of any other financial aid you receive from Black Hills State University. Applicants must be citizens or nationals of the United States.

Applicants who have completed dual-credit undergraduate courses during high school are eligible and encouraged to apply.
TO APPLY
Apply for admission to Black Hills State University
Submit the S-STEM Scholarship application, including:
Reference Contact Information:
Provide contact information (first and last name, email address) for a science or math teacher who knows you well and is willing to write a letter of recommendation.
Ask that teacher to provide their assessment of you at this link BHSU.edu/S-Stem Recommender Form
A response of 350 words (maximum) to the following:
What interests you about science and math and how do you think the additional support offered by the S-STEM Scholars Program will help you succeed in your STEM career?
Submit the Free Application for Federal Student Aid (FAFSA), which you can access on the FAFSA site Studentaid.gov/apply-for-aid/FAFSA",https://bhsu.tfaforms.net/218019#Recommender%20form,2023-05-01 00:00:00,"Renewable $10,000 annually up to 4 years",,UNKNOWN,b7eb9051-edb0-4ee1-aee1-10d7abb5f17f.xlsx:Resource 1
6b247e7d,Black American Engineering Scholarship,"This scholarship is provided by The Helping Project Corp and is dedicated to creating diversity in the field of engineering and further dismantling institutional racism toward Black Americans in STEM careers. The scholarship provides up to $10,000 per year ($5,000 per semester) of funding and can be applied for up to four years. It is aimed at providing a pathway to achievement for Black Americans pursuing careers in civil, mechanical, electrical, and chemical engineering. Selected candidates receive substantial assistance designed to close the financial gap left after the Pell Grant is used for tuition. The funds can be used for school expenses like tuition, books, fees, and room and board. Scholarship recipients also participate in a mentorship program designed to support their professional success​1​. To apply, applicants must be a Black American incoming college freshman/current high school senior or a student transferring from a two-year program into a four-year program. They must be eligible for Federal Pell Grant funding and able to show proven financial need. They must also be a U.S. citizen, national, or permanent resident in good academic standing who is enrolling in an accredited, not-for-profit four-year institution. The degree pursued must be in civil, electrical, mechanical, or chemical engineering, including any subfield of those disciplines​1​.",https://www.scholarships.com/financial-aid/college-scholarships/scholarship-directory/academic-major/engineering/black-american-engineering-scholarship-award,204-01-31,Varies,,UNKNOWN,9dd796c4-40ff-48da-b5bd-4585393b22f7.xlsx:Scholarship Main
878f4011,The Hagan Scholarship,"The Hagan Scholarship is a nationwide need-based merit scholarship, providing recipients with the opportunity to graduate college debt-free. 1. Must be a U.S. Citizen.
2. Must attend a traditional public high school located in the U.S. that is governed by a school district.
3. Must have achieved a 3.50 Cumulative Grade Point Average.
4. Must enroll at an Eligible Four-Year College or University the first semester following high school graduation.
5. Must maintain a four year or less graduation schedule in college.
6. Must work 240 hours from January 1, 2024 until commencement of the 2024 fall semester in college. Work can be performed at recipient discretion. Work must be regularly scheduled employment performed under supervision for compensation.
7. Applicant’s Adjusted Gross Household Income reported for 2022 Federal Income Tax Purposes must not have exceeded $85,000. “Household Income” is defined as the total income received by all members of a household living under the same roof.
8. Finalists will be notified in February 2024. Finalists must provide a copy of their FAFSA SAR showing their EFC.
9. Must apply for Federal and State grants if eligible.
10. Must not have a felony conviction.

The intended recipient is a high-achieving goal-driven student having substantial financial need.",https://haganscholarships.org/,2023-12-01 00:00:00,The scholarship provides up to $7.500 each semester for up to eight consecutive semesters.,,UNKNOWN,b7eb9051-edb0-4ee1-aee1-10d7abb5f17f.xlsx:Resource 1
9e95ed9e,Optimist International Oratorical Contest,"1. The contest is open to contestants under the age of 19 as
of October 1st of the current Optimist International Contest year (October 1 – September 30) and is not enrolled as a degree seeking student of a post-secondary institution. There is no minimum age.
2. A contestant is eligible to enter/compete in only one Optimist Oratorical contest during a contest year. Once a contestant wins 1st place at the District level and/or competes at the World Regional level, they are ineligible to compete in the Optimist Oratorical Contest in a subsequent year.
3. Each contestant shall prepare his or her own speech. The contestant may receive advice in the preparation of the speech and may make minor changes or improvements in the speech at any time.
4. All contestants at each level of the contest must show proof of age before competing. Optimist Clubs may require a copy of birth certificate or passport if offering a club scholarship separate from Optimist International. District winners must provide a copy of the birthcertificate or passport with District entry documentation 5. A printed copy of the speech must be furnished either before or after the speech. Questions and completed applications can be directed to Mr. Risty.",,Varies,"1. Club Level – Medallion
2. Zone Level – Plaque
3. District Regional Level – Plaque 4. District – Plaque and Scholarship
Each winner of the District level contest will receive a scholarship for use at a college, university or trade school only. Three winners awarded scholarships of $2,500, $1,500 and $1,000 respectively for 1st, 2nd and 3rd place.",,UNKNOWN,b7eb9051-edb0-4ee1-aee1-10d7abb5f17f.xlsx:Resource 1
d9fe082f,Stop Hunger Scholarship,"Stephen J. Brady Stop Hunger Scholarships are open to students ages 5-25 (Kindergarten through graduate school) enrolled in an accredited educational institution in the United States.
Applicants must have demonstrated on-going commitment to their community by performing unpaid volunteer services impacting hunger in the United States at least within the last 12 months. Added consideration is given to students working to fight childhood hunger.

All applicants must be citizens or permanent residents of the United States who reside in the contiguous United States, Alaska, and Hawaii only.

Volunteer services must be helping non-family members.

Applicants must obtain a Community Service Recommendation / Volunteer Service Verification as part of the application process.

Recommenders must be at least 21 years of age, may NOT be your parent, guardian or family member.

Employees of Sodexo are not eligible to apply for the Stephen J. Brady Stop Hunger Scholarships; but they may refer family members who are not employees of Sodexo.

Previous national Stephen J. Brady Stop Hunger Scholarships recipients are not eligible to apply.

Previous Stop Hunger Regional Honorees are eligible to apply.",http://us.stop-hunger.org/home/grants.html,2023-12-05 00:00:00,10000.0,,UNKNOWN,b7eb9051-edb0-4ee1-aee1-10d7abb5f17f.xlsx:Resource 1
23a96e72,Day County Coyote Hunt Scholarship,"ELIGIBILITY REQUIREMENTS
The Day County Coyote Hunt Scholarship Program has been established to award scholarships to immediate family (based on IRS Family Definition) of a current or former SD National Guard soldier & desire to further their education.
Applicants must be 19 years of age or younger. You must be a graduating senior from an accredited high school during the year of application. This scholarship may also be granted to a family member of a SD National Guard soldier who is physically challenged as determined by the American Disabilities Act passed on July 25, 1990.
Scholarships must be used in one of the following types of accredited post-high school institutions: College, University or Vocational Technical School. Scholarships will be paid directly to the school.
Applicant must ascertain their own eligibility to receive such a scholarship according to the eligibility rules of the institution they will be attending. If, for any reason, the original recipient is unable to attend college in the year of application, the awarded scholarship monies may be held for an additional year, after which time, it may be re-deposited in the scholarship fund.",Day County Scholarship Application,2023-04-01 00:00:00,1000.0,,UNKNOWN,b7eb9051-edb0-4ee1-aee1-10d7abb5f17f.xlsx:Resource 1
551f6182,NIAAA Scholarship,"Minimum Requirements

Applicant must be a senior in high school
Applicant must have achieved at least two (2) of the following: (a) minimum of B+ average; (b)ranked in the top 25% of class; (c) ACT score of 24 or an SAT score of 1100 (Math and Reading)
Applicant must have participated in two sports for at least two years in each sport
Applicant must have earned at least one varsity letter in each of two sports
Applicant must complete attached scholar/essay application
Applicant must have a letter of recommendation from the high school athletic administrator/director
School athletic administrator/director must be an NIAAA member and a member of their respective state athletic administrators association
The principal or athletic administrator/director must sign the application to ensure that the academic information submitted is accurate
All hard copy materials must be postmarked or electronic materials sent to the NIAAA Liaison in your respective state by your states deadline. The form is fillable and must be type written. No hand written application will be accepted. Click on the application and download a copy to your computer to enter information.",https://www.nsiaaa.org/nsiaaa-scholarship,2023-02-25 00:00:00,500.0,,UNKNOWN,b7eb9051-edb0-4ee1-aee1-10d7abb5f17f.xlsx:Resource 1
257dba43,NPC Centennial Scholarship for College-Bound High School Women,"The applicant will be asked to do the following via the form:
Attach a​ resume describing the applicant's academic pursuits, school/extra-curricular involvement and community involvement.
Provide contact information for an individual who can provide a letter of support/recommendation. The individual providing the letter should hold the scholarship applicant in high regard and be able to speak clearly about the student's commitment to high academic achievement, school activities and community involvement. (Note: The individual will receive an email with instructions on how to upload the letter to the scholarship application system.)
Write a short essay describing either the applicant's current experience with service and leadership in a women’s-only or women’s-focused organization (e.g., Girl Scouts, Girls on the Run, Girls Inc., local organizations for women and girls) or the applicant's plans to participate in a women’s-only or women’s-focused organization during college.
While we hope the scholarship applicants will join a sorority during college, membership is not a requirement of the award.",https://app.smarterselect.com/programs/85476,2023-03-15 00:00:00,"(10) $2,000",,UNKNOWN,b7eb9051-edb0-4ee1-aee1-10d7abb5f17f.xlsx:Resource 1
d5f3717c,National Action Council for Minorities in Engineering (NACME) Scholarships,"Renewable Scholarship Eligibility

To be eligible for any of the NACME administered scholarships students must either be a high school senior, within one year of graduating from high school, or matriculating at a community college with the intent to pursue an engineering or computer science program at a NACME Partner Institution, or be currently matriculating in an engineering or computer science program at a NACME Partner Institution, a US citizen or permanent resident, and meet the minimum GPA requirements of the relevant scholarship. NACME's mission is to increase representation of Black/African American, Latinx/Hispanic-American and Native/American Indian in the fields of engineering and computer science.

Paid internship - Program Eligibility

Awardees must complete a 9-13 weeks paid internship in the summer prior to full-time matriculation in the subsequent fall.

Eligibility:


NACME Scholars, and other URM E&C students, who are matriculating full-time at partner universities.


Awardees are ineligible to apply for a second corporate scholarship award in subsequent years.Renew",https://www.nacme.org/nacme-scholarships,2024-07-08 00:00:00,Varies,,UNKNOWN,9dd796c4-40ff-48da-b5bd-4585393b22f7.xlsx:Scholarship Main
125daa34,Optimist International Essay Contest,"1. The contest is open to students under age 19 as of October 1st of the current Optimist International Contest year (October 1 – September 30) and is not enrolled as a degree seeking student of a post-secondary institution. Students must enter in the District in which they reside. U.S. students attending school on military installations outside the U.S. are eligible to enter in their last home of record.
2. Contestants are eligible for only one Club’s contest during any given year.
3. No student who has previously won a District Optimist Essay contest scholarship will be
eligible to compete at any level of the competition again.
4. All contestants at each level of the contest must show proof of age before competing. Optimist Clubs may require a copy of birth certificate or passport before participating if offering a Club scholarship separate from Optimist International. District winners must provide a copy of birth certificate or passport with the District entry documentation. Questions and completed applications can be submitted to Mr. Risty.",https://www.optimist.org/member/scholarships3.cfm,2023-02-28 00:00:00,"1. Club level – medallion
2. District level – plaque and a $2,500 college
scholarship for the first-place winner",,UNKNOWN,b7eb9051-edb0-4ee1-aee1-10d7abb5f17f.xlsx:Resource 1
e03014ff,Kids' Chance of South Dakota,"Must be between the ages of 16 – 25 years old
Must (a) be a graduating high school student in good standing, (b) currently possess a high school diploma or GED, or (c) be currently enrolled and in good standing at a post-secondary institution or trade school.
Dependent of a parent who suffered either an on the job fatality or injuries that have had a significant adverse effect on family income.
Proceeds can only be used for tuition, fees or room and board at a vocational/technical school, junior college, undergraduate or graduate programs. Proceeds will be paid directly to the institution.
Prior to award of the scholarship, applicant must demonstrate that they meet the minimum criteria for acceptance to the institution to which they have applied. This can be accomplished by either submitting the formal acceptance letter from the institution, or providing documentation (transcripts, tests scores) meeting the institution’s minimum admission criteria.
Scholarship awards are contingent on availability of funds and may be renewed",https://kidschanceofsd.org/scholarship-application/application/,2023-04-15 00:00:00,Varies,,UNKNOWN,b7eb9051-edb0-4ee1-aee1-10d7abb5f17f.xlsx:Resource 1
6be70f30,Life Lessons Scholarship,"The Life Lessons Scholarship Program is open only to legal residents of the fifty (50) United States, the District of Columbia and Puerto Rico, who are between 17 and 24 years of age, have experienced the death of a parent or legal guardian, and are currently enrolled in, or have been accepted to, a college, university or trade school within the fifty (50) United States, the District of Columbia or Puerto Rico. Employees of Life and Health Insurance Foundation for Education (“Life Happens” or “Sponsor”), KWT Global, and their respective parents, affiliates, subsidiaries, and advertising, and promotion agencies, and any such employee’s immediate family members (spouse, parent, child, sibling and their respective spouses) and those living in their same households, whether or not related, are not eligible to enter or win a scholarship. A minor should have a parent’s or legal guardian’s permission to enter. Void where prohibited by law. The Scholarship Program is subject to all applicable federal, state and local laws.",https://lifehappens.org/life-lessons-scholarship-program/application/,2023-03-01 00:00:00,Varies,,UNKNOWN,9dd796c4-40ff-48da-b5bd-4585393b22f7.xlsx:Resource 2
c1a221a0,Microsoft Disability Scholarship,"To be considered for the Microsoft Disability Scholarship, you must:

Be a current high school senior living with a disability (as defined by WHO), whether that be visual, hearing, mobility, cognitive, speech or other disability.
Plan to attend an undergraduate program in a 2 or 4-year University/College or Technical College in the fall of the academic year following high-school graduation. Schools must be in the USA or have a USA-Affiliate for financial transactions (contact Seattle Foundation to verify non-USA school’s eligibility).
Declare an approved major in engineering, computer science, computer information systems, law, business, or a related field (e.g. paralegal, pre-law, finance, business administration, or marketing).
Demonstrate a passion for technology.
Demonstrate leadership at school and/or in the community.
Have a high school cumulative GPA of 3.0 or higher.
Require financial assistance to attend college.
Enrollment status must be full-time or half-time.",https://www.microsoft.com/en-us/diversity/programs/microsoftdisabilityscholarship.aspx,2023-03-15 00:00:00,"annual award of $5,000 for up to four (4) consecutive years for a potential total $20,000 scholars",,UNKNOWN,9dd796c4-40ff-48da-b5bd-4585393b22f7.xlsx:Resource 2
7cd19c62,2022 Selfless Parent Scholarship,"The scholarship is open to any current high school senior, college student, or graduate student who is a legal resident of the United States residing in one of the 50 states or the District of Columbia and who is enrolled in a two to a five-year post-secondary institution for the spring 2023 semester. Candidates for the Selfless Parent Scholarship should have a minimum GPA of 3.0 or higher and be in good overall academic standing.The candidate must submit a 750-1,000 word essay response to the prompt: Discuss how your parent has made sacrifices for you or has otherwise shown selflessness to help you succeed in life. How did those sacrifices directly benefit you?
The candidate must submit a professional resumé that lists their experience, both professional and academic.
The candidate must submit a transcript from their current school. High school students must also submit proof of acceptance to their college or university with their high school transcript.",https://divorcefirm.net/2022-selfless-parent-scholarship/,2023-11-30 00:00:00,1000.0,,UNKNOWN,9dd796c4-40ff-48da-b5bd-4585393b22f7.xlsx:Resource 2
b43ce3c6,Northwestern Mutual Childhood Cancer Survivor Scholarship Program,"Be pediatric cancer survivors, age 25 and under, who have been diagnosed by a physician as having had treatment for and survived cancer. Applicants who are selected as finalists will be asked to provide a medical verification form.
Be high school seniors, high school graduates or current post-secondary undergraduates who plan to enroll in full-time undergraduate study at an accredited two- or four-year college, university or vocational-technical school for the entire upcoming academic year.
Have a minimum grade point average of 2.5 on a 4.0 scale (or the equivalent).
Employees and children of employees of The Northwestern Mutual Life Insurance Company Foundation, Inc. and the Northwestern Mutual Life Insurance Company (and any of its affiliates and subsidiaries) are ineligible to apply.

Those who do not receive a scholarship are invited to reapply in following years. Previous recipients are not eligible to apply.",https://learnmore.scholarsapply.org/nmsurvivors/,2023-02-01 00:00:00,"(25) $5,000",,UNKNOWN,b7eb9051-edb0-4ee1-aee1-10d7abb5f17f.xlsx:Resource 1
76c31651,Sioux Falls Women Run Scholarship,"Criteria for SFWR’s awarding of the scholarships are:
- Expected graduation in May or June from Sioux Falls metro area high schools
- Strong academic performance (GPA>3.5)
- Current good standing on her school’s track or cross-country team or community running
club involvement.
- Evidence of past commitment to running and commitment to future running involvement.
- Active participation in extracurricular activities, volunteer work, and/or community service.
- Expected to enroll as a full-time 2 or 4-year college or university student in the fall. - Two signed letters of recommendation must be attached to this application. One letter of
recommendation must be from a high school track or cross-country coach or mentor who can attest to your commitment to running. The second letter of recommendation may be from a teacher, counselor, boss, etc. Letters of recommendation from family members will not be accepted.",https://www.siouxfallswomenrun.com/scholarship,2023-05-01 00:00:00,"Potential of $5,000 worth of scholarships to be awarded",,UNKNOWN,b7eb9051-edb0-4ee1-aee1-10d7abb5f17f.xlsx:Resource 1
4b98ce59,Utah Jumpstart Financial Literacy Spring Scholarhsip,"1. Be a high school student, graduating class of 2022 or 2023, at an accredited Utah school.

2. Have successfully completed or currently be enrolled in the General Financial Literacy course or

equivalent required course.

3. If selected as a scholarship winner, applicant must show proof that you plan to pursue post

secondary education which includes acceptance letter from an eligible post-secondary institution.Complete online application on your Complete Scholarships account

2. Submit required video as specified in application criteria (see below)

3. Submit post-secondary institution acceptance letter OR document indicating student has

completed the application process and is being considered for admission. Juniors will not need to do this until they claim their funds after graduation

4. Upload your video to YouTube and copy the video link into your scholarship application on Complete Scholarships",https://www.utahjumpstart.org/scholarship,2023-04-15 00:00:00,1250.0,,UNKNOWN,9dd796c4-40ff-48da-b5bd-4585393b22f7.xlsx:Resource 2
3ce919c5,Curtis Marvin Hohn Legacy Scholarship,"The competitive scholarships are awarded to seniors graduating from a South Dakota High School, attending a public or private college, university, or technical school in South Dakota. (Preference will be given to applicants pursuing studies in history, political science, or water resources.) . Appplicants for the scholarship will reflect the values that emobdied Curt Hohn's life. These characteristics may include, but not limited to: personal integrity, individual character, and courage, leadership in schoo and community, demonstrated involvement in civic affairs, participation in organizations that shape the school and community, individual leadership to reform policies that benefit the public good of the school and community, demonstrated work ethic in school and community, demonstrated interest in national and global issues that impact the public interest, demonstrated interest in humanitarian issues",Curtis Marvin Hohn Legacy Scholarship,03/10 each year,1000.0,,UNKNOWN,b7eb9051-edb0-4ee1-aee1-10d7abb5f17f.xlsx:Resource 1
5c331c87,#AnxietySucks Scholarship,"This scholarship is open to any high school senior who is a legal resident of the United States.
Scholarship will only be paid to winner who is living in the United States
This is NOT a financial need based scholarship
Relatives or employees of Life Launch Centers may not enter
Home-schooled students may apply as long as their curriculum and course of study is equivalent to a Utah high school senior
Applicants are required to submit a video on YouTube (click the “Make a Video” button or scroll down for details)
Must include a link to Life Launch Center’s website in your video description: https://www.lifelaunchcenters.com/ and these 4 hashtags: #AnxietySucks #StrongerFamiliesStrongerFutures #LifeLaunchCentersScholorship #LifeLaunchCenters.
Applicants MUST “like” Life Launch Centers’ Facebook page to be considered. Failure to “like” our Facebook page will result in automatic disqualification.",https://www.lifelaunchcenters.com/scholarship/?utm_source=ActiveCampaign&utm_medium=email&utm_content=%23AnxietySucks+%241000+Scholarship+2023+Details&utm_campaign=Anxiety+Scholarship+2023,2023-04-01 00:00:00,1000.0,,UNKNOWN,9dd796c4-40ff-48da-b5bd-4585393b22f7.xlsx:Resource 2
0fafefe2,Fold of Honor Scholarship,"Scholarship opportunities for dependents of fallen or disabled US services memebers OR dependents of fallen or disable first responders. 1. Enrolled or planning to enroll in a program of study at an accredited college or university
(2 year, 4 year, or post graduate program)
2. Enrolled or planning to enroll in an accredited technical or trade school program, which results in a certificate or
license
3. DEPENDENT OF SERVICE MEMBER (Information needed, with applicable:
✓ current Military ID - must provide copy of front and back (must show service member as sponsor) OR
State-Issued Birth Certificate (listing service member as a parent) AND one of the below, IF APPLICABLE:
➢ State-Issued Marriage License (if step-child of the service member)
➢ Legal adoption papers (if adopted child of the service member)
➢ Legal guardianship document (if legal ward of the service member)",https://foldsofhonor.org/scholarships/,2023-03-31 00:00:00,"Up to $5,000",,UNKNOWN,b7eb9051-edb0-4ee1-aee1-10d7abb5f17f.xlsx:Resource 1
c06b8b91,Bill H. James Foundation for Aspiring African American Engineers:,"This foundation offers scholarships to deserving students throughout the state of California. While the exact scholarship amount is not specified on the site, they are open to both undergraduate and graduate students. Undergraduate students must be entering their Junior or Senior year of study during the upcoming academic year and must carry a minimum of 12 units per semester/quarter. Graduate students must have a minimum of two academic semesters or one year left to complete their Master's degree during the upcoming academic year and must carry a minimum of 8 units per semester/quarter. Applicants must have a minimum of 3.2 GPA and be pursuing a degree or course of study in an engineering program at an accredited four-year college or university in the state of California​2​. California scholarship - For Junior and Senior year university. Multiple $5000 Scholarships",,Check college,Varies,,UNKNOWN,9dd796c4-40ff-48da-b5bd-4585393b22f7.xlsx:Scholarship Main
55d18124,First Dakota National Bank Scholarship Program,"GENERAL ELIGIBILITY REQUIREMENTS:
Student must be a U.S. citizen/permanent resident.
Student must be a high school senior or currently attending a post-secondary accredited American college, vocational technical school, or university.
Student must plan to attend an accredited post-high school college, university, vocational technical school, community college or junior college on a full-time basis.
Student must provide confirmation of enrollment. Payment of the scholarship will be made directly to the school.
Previous scholarship winners are not eligible.
At the time of application, student must have a First Dakota checking account and demonstrate satisfactory account maintenance.
If you would like to apply for the First Dakota student scholarship and do not currently have an account, stop by any First Dakota location and open one today. You will enjoy the benefits!",https://www.firstdakota.com/personal/scholarship,2023-03-06 00:00:00,"up to $5,000",,UNKNOWN,b7eb9051-edb0-4ee1-aee1-10d7abb5f17f.xlsx:Resource 1
d9c07650,American Indian College Fund - Full Circle Scholarship,"Eligibility
U.S. citizen or Canadian eligible to attend college in the U.S. under provisions of the Jay Treaty;
Enrolled in a certificate, associate, bachelor’s, or graduate program at an accredited tribal, public, or private (non-profit) college or university;
Full-time enrollment (Full Circle applicants only);
Registered as an enrolled member of a federal or state recognized tribe, or a descendant of at least one grandparent or parent who is an enrolled tribal member. Alaska Natives may use Native Corporation membership. Learn how to prove descent or trace Indian ancestry.
At least a 2.0 cumulative GPA. Your scholarship may require a higher GPA to maintain eligibility. (Students attending TCUs with less than a 2.0 GPA may be considered for Tribal College and University scholarships; however, each TCU makes this determination individually.)",www.collegefund.org/scholarships,05/31 each year,Varies,,UNKNOWN,b7eb9051-edb0-4ee1-aee1-10d7abb5f17f.xlsx:Resource 1
3f123ad5,Brandon Valley Fine Arts Booster Club Scholarship,"To be eligible you must: 1. Be a current school year graduating senior. 2. Plan to be a full time student in an accredited college or vocational technical school in the fall. (Do not need to pursue a degree in fine arts) 3. Have contributed to the Fine Arts at Brandon Valley in at least one of the following areas: Art, Choir, Oral Interpretation, Orchestra, Theater. Awards will be made on the basis of: 1. Contribution to the Fine Arts at Brandon Valley High School. 2. Fine Arts Experience/contributions in teh community (including support such as tech) 3. Community service, non-fine arts school activities/involvement, and employment 4. Applicant's written case for being selected, and academic performance. Applications may be submitted to:
bvfinearts@gmail.com
Subject: Fine Arts Scholarship
or
BVHS Office
Attn: Jessica Henson",BV Fine Arts Scholarship Application,2023-03-31 00:00:00,Minimum of (6) individuals will each be awarded a $500 scholarship,,UNKNOWN,b7eb9051-edb0-4ee1-aee1-10d7abb5f17f.xlsx:Resource 1
969674ee,$5000 Flavorful Futures GO GREEN Scholarship,"Must be a U.S. citizen or permanent legal resident of the United States.
Must be a high school senior graduating between August 1, 2021 and July 31, 2022.
Must have a cumulative high school grade point average (GPA) of at least 2.5 on a 4 point scale (high school/home schooled seniors).
Must intend to pursue a degree related to environmental studies
Proof of involvement in sustainable initiatives and projects (volunteering work, job, etc.)
Must enroll for Fall 2021 as a freshman or 1st year student in part-time or full-time study at a 2-year, 4-year, college, university, trade or vocational school. The school must be an accredited U.S. institution, and listed on the official website for the U.S. Department of Education.
Must not be a relative or dependent child of an employee of Talking Rain or any of its retail customers",https://apply.mykaleidoscope.com/scholarships/flavorfulfuturesgogreen,2023-03-31 00:00:00,5000.0,,UNKNOWN,9dd796c4-40ff-48da-b5bd-4585393b22f7.xlsx:Resource 2
5ef4f4df,VIBZ Scholarship,"• Scholarship applicants MUST be high school seniors, 19 years of age or younger, and enrolled in VIBZ at BHFCU.
• The scholarship is designated for the 2023-2024 school year and must be used to attend an accredited vocational school, technical school, college, or university.
Complete VIBZ Scholarship Application, Typed essay of 500 words or less
Copy of ACT scores
High school transcript
• Employees of BHFCU, BHFCU volunteers, and their families, are
not eligible for VIBZ Scholarships.
• Scholarship recipients must provide proof of full-time enrollment each semester and remain BHFCU members, in good standing, in order to receive scholarship funds.
• Incomplete or late applications will not be considered for the scholarship.
• Applicants will not be discriminated against based on gender, race, religion, or national origin.",https://www.bhfcu.com/explore/learn/blog/vibz-scholarships-available,2023-02-10 00:00:00,"(10) $2,000",,UNKNOWN,b7eb9051-edb0-4ee1-aee1-10d7abb5f17f.xlsx:Resource 1
2c582cc8,Mount Marty University Prestigious Academic Scholarship Day,"Interested in attending Mount Marty University next year? Register for Prestigious Academic Scholarship Day at Mount Marty University in Yankton, SD! To be eligible to participate, please ensure that you have a GPA of 3.5 or greater. Award amounts for participation in Prestigious Academic Scholarship Day are $1,000 per year for all participants with the ability to earn $5,000 per year and possibly a full tuition scholarship. Unable to make it to campus? Let us know and we can arrange a virtual schedule for you! Additionally:
Submit your application prior to Prestigious Academic Scholarship Day if you have not yet done so. Applying is free- apply by November 15 for priority registration!
Submit the Free Application for Federal Student Aid.
Prepare for your interview by mapping out your career and educational ambitions.",Scholarship Day Information,Varies,25000.0,,UNKNOWN,b7eb9051-edb0-4ee1-aee1-10d7abb5f17f.xlsx:Resource 1
4bb748ba,Critical Teaching Needs Scholarship,"Initial Eligibility Criteria:
Agree in writing to stay in South Dakota and work in a critical teaching need occupation for five years after graduating from a participating
postsecondary institution;
Agree, through a promissory note, that failure to abide by the employment requirement above will result in the scholarship being converted into an interest-bearing loan;
Attend a participating South Dakota postsecondary institution as an undergraduate enrolled in your final two years of postsecondary education and be fully admitted in an elementary or secondary education program at the institution that is preparing you to work in a critical need teaching
area;
Be a U.S. citizen or lawful permanent resident; and
Have a minimum cumulative 2.8 GPA on 4.0 scale, and an average of 2.8 GPA for all major coursework.",https://www.sdbor.edu/student-information/scholarships/CTNS/Pages/default.aspx,2023-03-15 00:00:00,"The scholarship amount will be determined by calculating the student’s remaining financial need, and may not exceed the tuition and generally applicable fees for 30 credit hours at a public South Dakota postsecondary institution",,UNKNOWN,b7eb9051-edb0-4ee1-aee1-10d7abb5f17f.xlsx:Resource 1
c2e31b74,ACS Scholars Program,"U.S. citizens or a legal permanent U.S. residents (please inquire via email if you have questions regarding asylum or DACA status)
African-American/Black, Hispanic/Latino, or American Indian (please see below for more details)
Graduating high school seniors or college freshmen, sophomores or juniors. Seniors can apply for their fifth year.
Those intending to major or are already majoring in chemistry, biochemistry, chemical engineering, chemical technology, or another chemistry-related science AND planning to pursue a career in a chemistry-related science as well (please see below for more details)
Full-time students at a high school or an accredited college, university, or community college
Those demonstrating high academic achievement in chemistry or science (Grade Point Average 3.0 or higher)",https://www.acs.org/content/acs/en/education/acs-scholars/apply.html,2023-03-01 00:00:00,Varies,,UNKNOWN,9dd796c4-40ff-48da-b5bd-4585393b22f7.xlsx:Resource 2
cecf5186,USA Softball of South Dakota Scholarship,"The USA Softball of South Dakota Program has been established to award scholarships to those who have participated in USA Softball of South Dakota & desire to further their education. These participants must have participated in the USA Softball of South Dakota sanctioned programs for at least 3 years as a player, coach, umpire, USA Softball of South Dakota official, or in a official capacity of a USA Softball of South Dakota sanctioned team or league. Applicants must be 19 years of age or younger. You must be a graduating senior from an accredited high school during the year of application. This scholarship may also be granted to a family member of USA Softball of South Dakota memeber who is physically challenged as determined by the American Disabilities Act passed on July 25th, 1990.",http://www.usasoftballofsouthdakota.com/content/images/pdf/2018-Scholarship.pdf,2023-04-01 00:00:00,(17) $500,,UNKNOWN,b7eb9051-edb0-4ee1-aee1-10d7abb5f17f.xlsx:Resource 1
fb468164,Adam Bauer Scholarship,"An eligible senior candidate will have participated in BV athletics during his/her high school career and completed the entire season. Although not the only criteria, special attention will be given to the athlete who has participted in two or three sports in all four years of high school. GPA will be reviewed but will not be the biggest factor. Eligible candidates must be attending a post-secondary school in the fall following graduation. If the application will not open for you, try clicking on the open with google sheets when prompted. If that doesn't work, e-mail Kara.Likness@k12.sd.us and request an email attached copy. Applications can be submitted electronically to Merry.Miller@k12.sd.us or via mail to the Business Office (300 S. Splitrock Blvd) in care of Merry Miller.",Adam Bauer Scholarship Application,2023-04-13 00:00:00,1500.0,,UNKNOWN,b7eb9051-edb0-4ee1-aee1-10d7abb5f17f.xlsx:Resource 1
afecb39b,Fuji Film & Urban Outfitters Scholarhsips,"This contest is open only to legal residents of United States and the District of Columbia. Entrant must be sixteen (16) years of age or older at the time of application. Applicants must attend or plan to attend a two-year or four-year college, university or vocational/technical school.Complete the application, including essay questions by October 16th.
You will be notified by November 8th if you are one of the one hundred (100) semi-finalists.
Semi-finalists will be asked to create a 1 (one) minute video on a specific topic chosen by Urban Outfitters + Fujifilm. Videos must be submitted by November 24th.
One grand prize winner will receive $10,000 and two second prize winners will receive $5,000 each. Winners will be notified on or around December 28th.",https://www.myscholarship.app/uo-fujifilm-scholarship-2021?UOUnigoAlertEmail,2023-10-16 00:00:00,"One award of $10,000 & two awards of $5,000",,UNKNOWN,9dd796c4-40ff-48da-b5bd-4585393b22f7.xlsx:Resource 2
23fee739,Geneva Rock Scholarship,"To be eligible, applicants must be currently enrolled in an accredited university, college, trade or vocational school. Scholarship applicants must be in pursuit of construction-related careers including, but not limited to: Construction management, civil engineering, business, and commercial/professional sales. Students involved in trades such as welding, diesel tech, heavy equipment operations and building tech are also welcome to apply. High school seniors are eligible to apply, but must be enrolled in one of the previously mentioned institutions. All applicants must have received, (or be in the process of attaining), their high school diploma or GED. All applicants must be U.S. citizens, or be a legal permanent resident with work eligibility status.",https://genevarock.com/company/scholarship/,2023-11-15 00:00:00,2000.0,,UNKNOWN,9dd796c4-40ff-48da-b5bd-4585393b22f7.xlsx:Resource 2
e3340eb5,Bryan Cameron Education Foundation,"Maintain a minimum, cumulative, unweighted GPA of a 3.7/4.0 scale or equivalent in their high school studies;
Be a full citizen of the United States of America;
Be in the high school graduating Class of 2022, planning to enroll in a full-time course of study towards a degree at an accredited four-year U.S. college or university for the full academic year following high school graduation;
Show proven excellence in extracurricular activities, be motivated leaders with a strong work ethic, demonstrate active participation in community service and/or civic minded arenas; and
Submit the following three components by the Application Deadline:
Online Application;
Two required Letters of Recommendation; and
Transcript certifying academic performance.",https://www.bryancameroneducationfoundation.org/scholarship#eligibility,2023-09-08 00:00:00,Varies,,UNKNOWN,9dd796c4-40ff-48da-b5bd-4585393b22f7.xlsx:Resource 2
c6ebec8c,James H. Jenssen Scholarship Application,"To be eligible for the scholarship you must meet all of the following criteria: -be a resident of the state of SD and a high school senior OR be a resident of the state of SD and enrolled in an engineering program at South Dakota School of Mines or South Dakota State University for the upcoming academic year -Be a US citizen . -Have a parent, grandparent, sibling, uncle aunt or cousin employed a minimum of 3 years (or retired) with the South Dakota Deparment of Transportation. -Have a current high school GPA of 3.0 (based on 4.0 grading system) or higher OR a minimum of a 3.0 GPA at School of Mines or SDSU if currently attending. -Demonstrate ability to become an asset to the engineering field. -Must not be a relative of James H. Jenssen.",James H. Jenssen Application,2023-07-15 00:00:00,500.0,,UNKNOWN,b7eb9051-edb0-4ee1-aee1-10d7abb5f17f.xlsx:Resource 1
36c624d1,Private Frontier Scholarship Essay Contest,"students ages 12-18. Essay of 500-1000 words on the topic: Certain endeavors were always considered a job for government, but entrepreneurs have changed that. Consider space exploration. Elon Musk's SpaceX recently sent two astronauts into space for two months. But it's not just up in space that entrepreneurs are making changes. Down here on Earth, entrepreneurs are forcing us to reconsider what private enterprise might do better than government does. Education and the Postal Service are two other examples of numerous government-run operations that might face similar challenges from private enterprise. Is this the future? Is society better served with greater involvement from entrepreneurs? If so, who pays and who profits?",https://stosselintheclassroom.org/essay-contest/,2023-03-11 00:00:00,88 awards of $2500,,UNKNOWN,9dd796c4-40ff-48da-b5bd-4585393b22f7.xlsx:Resource 2
2ec6b78f,National Cyber Scholarship Competition,"This NCS Competition is a new type of CTF that has challenges for every level. Students can qualify for the National Cyber Scholarship Competition through CyberStart America, beginning on October 30, 2020, or through alternative entry routes include the Spring picoCTF competition and the CyberPatriot program. Qualified students will compete nationally to win one of three tiers of award, with the highest scorers being awarded college scholarships to use at the school of their choice to pursue further study related to cybersecurity. This CTF competition will allow students to rank highly by completing challenges across a range of disciplines, or to focus their efforts on a particular area, such as defensive hacking.",https://www.nationalcyberscholarship.org/,2023-03-31 00:00:00,$2500 Scholarship and $3000 worth of training.,,UNKNOWN,9dd796c4-40ff-48da-b5bd-4585393b22f7.xlsx:Resource 2
38ab4533,Endeavor Design Scholarship,"The Endeavour Design Scholarship is offered in support of creating racial equity in the fields of Fashion/Footwear, Industrial, and Graphic Design.

Requirements:

Scholarship reserved for Black High School students, US residents only.
Must be a High School Senior/Student or Returning Freshman, 2nd Semester College Student who plans to enroll in a full-time undergraduate study at an accredited two- or four-year college
Pursuing a design-related degree; majors include: Fashion Design, Footwear Design, Industrial Design, Graphic Design, or related fields.
To apply, submit 5-7 photos of your portfolio. Write a brief statement about what design means to you and how a career in design would be transformational for you.",https://bold.org/scholarships/endeavor-design-scholarship/,2023-06-16 00:00:00,1865.0,,UNKNOWN,9dd796c4-40ff-48da-b5bd-4585393b22f7.xlsx:Resource 2
537eb2d9,Bank of American Student Leaders Program,"Currently be a junior or senior in high school
Live in one of the eligible markets listed
Be able to participate in an 8‐week paid internship at a local nonprofit/charitable organization and work 35 hours a week*
Be legally authorized to work in the US without sponsorship through the end of September 2022
Be able to participate in a week‐long Student Leadership Summit in Washington, DC (July 25-30, 2022) (All expenses paid as part of Student Leaders. This week will be part of your 8‐ week experience.) *
Be a student in good standing at your school
Please note: Bank of America employees or members of their immediate family (e.g., children, siblings, grandchildren, nieces, nephews, etc.) are NOT eligible to apply.",https://about.bankofamerica.com/en/making-an-impact/student-leaders,2023-01-13 00:00:00,Not a scholarship,,UNKNOWN,9dd796c4-40ff-48da-b5bd-4585393b22f7.xlsx:Resource 2
d55e49b5,Youth Citizenship and Americanism Scholarship American Legion High School Award,"Legion Post 318 requests the candidates write a 500-1,000 word essay to inform the selection board of the qualities they possess as young citizens. In the essay, they are asked to choose three of the qualities the Legion seeks to develop in our citizens (courage, honor, leadership, patriotism, scholarship and service) and explain how those three qualities have molded their lives. Additionally, a description of the candidate's volunteerism should be included. The candidates may include: one letter of recommendation, and /or one reference document in your essay. The candidates need to present the essay and reference material together. The letter of recommendation needs to be addressed: To Whom It May Concern.",American Legion Scholarship Application,2023-03-15 00:00:00,1 senior boy and 1 senior girl - $250 each,,UNKNOWN,b7eb9051-edb0-4ee1-aee1-10d7abb5f17f.xlsx:Resource 1
ef77b605,APIA Scholarship,"APIA SCHOLARS MINIMUM ELIGIBILITY CRITERIA :
Be of Asian and/or Pacific Islander ethnicity as defined by the U.S. Census
Be a citizen, national, or legal permanent resident of the United States. Citizens of the Republic of the Marshall Islands, Federated States of Micronesia and the Republic of Palau are also eligible to apply
Be enrolling as an undergraduate student in a U.S. accredited college or university in the Fall of 2024.
Have a minimum cumulative GPA of 2.7 on a 4.0 scale (unweighted) or have earned a GED
Must apply for federal financial aid for the 2023-2024 academic year using the Free Application for the Federal Student Aid (FASFA) by early April 2024
Submit one letter of recommendation online",https://apiascholars.org/scholarship/apia-scholarship/,2024-01-09 00:00:00,Varies,,UNKNOWN,b7eb9051-edb0-4ee1-aee1-10d7abb5f17f.xlsx:Resource 1
229d6631,Fred M. Young Sr./SAE Engineering Scholarship,"U.S. Resident
Incoming Freshman
Minimum unweighted 3.75 grade point average
Pursue an engineering or related science degree through a U.S. ABET accredited program with an interest in mobility (Automotive, Ground or Air)
Provide two (2) Letters of Recommendation - one (1) that focuses on academics and one (1) that speaks to your involvement in extra-curricular activities or employment
Serve in a leadership role inside or outside of school and be able to outline how your leadership skills were developed, the size of the team(s) led and how your personal leadership skills will benefit you in your future career.
Must be able to detail how 2 traits of an engineer (from listed provided) apply to them.",https://www.sae.org/participate/scholarships/fred-m-young-sr-sae-engineering-scholarship,"Februrary 28, 2023",1000.0,,UNKNOWN,9dd796c4-40ff-48da-b5bd-4585393b22f7.xlsx:Resource 2
266f4d2d,The Lawrence Novotny Scholarship Essay Competition,"The Lawrence Novotny Scholarship Essay Competition has chosen to provide scholarships to high school seniors who are heading to ANY college, university, technical school, trade school etc., as well as current college, university, technical school, trade school etc. Students who are post high school can be enrolled in any field of study, but they must be completing their secondary education in South Dakota.
Applicants will have a packet of information submitted which will also include a completed essay on the following topic:
In the wake of Anti-2SLGBTQ+ legislation that has swept America in the past couple of years, why should we be able to talk about these issues in an educational context?",https://forms.gle/LhdWsQ32U1jZ6yXTA,2023-06-03 00:00:00,(1) $250 for a graduating high school senior student,,UNKNOWN,b7eb9051-edb0-4ee1-aee1-10d7abb5f17f.xlsx:Resource 1
af33903c,South Dakota Fire SERVICE Scholarship Program,"A son or daughter of any member (living, deceased or retired) of a fire department in South Dakota or an active member of a junior fire department in South Dakota. A high school senior or student entering their first semester of college. The applicatn must be a sponsored by a fire department that has 100% membership in the SD Firefighters Association for the current year. The applicant may also be sponsored by a member of the SD Firefighters Auxiliary, a local fire department auxiliary or a member of the Dear Old Timers. The scholarship may be used at any college or post-secondary institution. Preference will be given to those who are obtaining a fire science or emergency service degree.",http://www.sdfirefighters.org/scholarships.html,2023-03-15 00:00:00,"(2) $1,000",,UNKNOWN,b7eb9051-edb0-4ee1-aee1-10d7abb5f17f.xlsx:Resource 1
a1b0b0a2,DAR Good Citizens Program and Scholarship Contest,"Open to one senior class student. Student must be dependable(which includes truthfulness, loyalty, and punctuality); service(cooperation, courtesy, and consideration of others); leadership(personality, self-control, and ability to assume responsibility); and patriotism(includes unselfish interest in family, school, community and nation) to an outstanding degree. There are 2 parts to this scholarship contest. Part 1 includes describing how you have tried to manifest the qulities of a good citizen. Part 2 includes a timed essay to be administered under the supervision of a faculty member. Must be completed at one sitting, within a two-hour time limit, and without assistance of references.",https://www.dar.org/national-society/scholarships/dar-related,2023-11-01 00:00:00,5000.0,,UNKNOWN,b7eb9051-edb0-4ee1-aee1-10d7abb5f17f.xlsx:Resource 1
386e173d,ROTC Scholarship,"REQUIREMENTS
Be a U.S. citizen
Be between the ages of 17 and 26
Have a high school GPA of at least 2.50
Have a high school diploma or equivalent
Score a minimum of 1000 on the SAT (math/verbal) or 19 on the ACT (excluding the required writing test scores)
Meet physical standards
Agree to accept a commission and serve in the Army on Active Duty or in a Reserve Component (Army Reserve or Army National Guard)
YOUR COMMITMENT
An eight-year service commitment with the Army.
Serve full time in the Army for four years and four years with the Individual Ready Reserve (IRR).
Selected Cadets may choose to serve part time in the Army Reserve or Army National Guard while pursuing a civilian career",https://www.goarmy.com/careers-and-jobs/find-your-path/army-officers/rotc/scholarships.html,2023-03-06 00:00:00,"Over 2,000 Full Tuition Scholarships",,UNKNOWN,b7eb9051-edb0-4ee1-aee1-10d7abb5f17f.xlsx:Resource 1
79efafa3,Flavorful Futures Scholarship,"Applications must meet ALL the following criteria:

Must be a U.S. citizen or permanent legal resident of the United States.
Must be a high school senior graduating.
Must have a cumulative high school grade point average (GPA) of at least 2.5 on a 4 point scale (high school/home schooled seniors).
Must enroll for Fall as a freshman or 1st year student in part-time or full-time study at a 2-year, 4-year, college, university, trade or vocational school. The school must be an accredited U.S. institution, and listed on the official website for the U.S. Department of Education.
Must not be a relative or dependent child of an employee of Talking Rain or any of its retail customers.",https://www.flavorfulfutures.com/,2023-02-28 00:00:00,"(5) $5,000",,UNKNOWN,b7eb9051-edb0-4ee1-aee1-10d7abb5f17f.xlsx:Resource 1
f732b0d1,South Dakota Nursery and Lanscape Association Scholarship,"SDNLA is proud to offer a $500.00 scholarship to a South Dakota High School student planning to major in a horticulture related field and to encourage the study and entering of the work place of Horticulture, Floriculture, Plant Pathology, Landscape Design, Turf Management and other allied subjects that pertain to the Green Industry.

ELIGIBILITY
Available to any South Dakota High School Student who will be graduating in the spring.
Scholarship awards will be based on scholastic record, as well as the student’s ability and sincerity in pursuing employment in the Green Industry.
The SDNLA scholarship is awarded once per year. Students may only receive the scholarship one time.",https://sdnla.org/scholarships,03/01 each year,500.0,,UNKNOWN,b7eb9051-edb0-4ee1-aee1-10d7abb5f17f.xlsx:Resource 1
0c2a9a4c,Bridging the Dream Scholarship,"Requirements: enrolled as a high school senior;
plan to enroll in full-time undergraduate study at an accredited two- or four-year college, university
or vocational-technical school within one year of high school graduation; are able to
demonstrate financial need by being Pell Grant-eligible, are a diverse candidate “Diversity”
shall include, but not limited to: gender; disability; race; ethnicity, and being from an underserved
community), are able to demonstrate leadership abilities, demonstrate good moral character
in all aspects of his/her life, including personal, professional, educational, in his/her community, and
online presence. See website for official details.",https://www.salliemae.com/landing/bridging-the-dream/,2023-03-27 00:00:00,10000.0,,UNKNOWN,b7eb9051-edb0-4ee1-aee1-10d7abb5f17f.xlsx:Resource 1
ae2bfd8b,FFA Scholarship Opportunities - Multiple Scholarships available to FFA and Non-Members,"Each scholarship has specific criteria that are defined by the sponsor when the scholarship is established. Please read the
scholarship description in the Scholarship Catalog to see if you qualify. Criteria that apply to all scholarships are listed below.
ALL scholarship applicants must:
 Be less than 23 years of age at time of application (February 1)
 Be current FFA members unless otherwise stated
 Be U.S. citizen or permanent resident
 Plan to attend post-secondary school in the U.S.
 Be a high school senior or currently enrolled in college
 Be a full-time student
o Actively attending classes
o Minimum 12 credit hours if enrolled in a post-secondary institution",https://www.ffa.org/participate/grants-and-scholarships/local-engagement-programs-scholarships/,2024-01-11 00:00:00,Varies,,UNKNOWN,b7eb9051-edb0-4ee1-aee1-10d7abb5f17f.xlsx:Resource 1
d865acd0,SDATAT Scholarship Program,"Applicant must reside in South Dakota, are currently attending a South Dakota public, private,
parochial high school or a home school program, and lives in a town or township that is a current member of
SDATAT. (A membership list is available on the sdtownships.com website) or contact your local town/
township board. Graduates of the class of 2021 are eligible to apply for the scholarship. The student must use
the scholarship for a college, university, or vocational school which has a physical presence in South Dakota.
Applicants must complete an application form and submit it along with their essay on this year’s topic which can be found on the website.",https://www.sdtownships.com/scholarships,2023-04-01 00:00:00,"(1) $1,000 (1) $500",,UNKNOWN,b7eb9051-edb0-4ee1-aee1-10d7abb5f17f.xlsx:Resource 1
db89eb3d,AFC Visionary Scholarship,"Applicant must be currently enrolled as a High School Freshman, Sophomore, Junior, or Senior and, must be a United States citizen or eligible non-citizen. Relatives of the American College Foundation Staff are not eligible to apply. Financial need is NOT considered; all income levels are encouraged to apply. All applications for the American College Foundation's Visionary Scholarship Program will consist of:

-A completed American College Foundation Visionary Scholarship Application
-A copy of the student's most recent unofficial high school transcript
-A 500-word, typed, double-spaced essay on ""Why College is Important to Me""
For Us college tuition only",https://americancollegefoundation.org/college-planning-visionary-scholarship-details/,2023-12-01 00:00:00,2500.0,,UNKNOWN,b7eb9051-edb0-4ee1-aee1-10d7abb5f17f.xlsx:Resource 1
96ab5f27,Levo Credit Union Scholarship,"Eligibility:
Entrants must be a member of Sioux Falls Federal Credit Union in good standing, or meet the eligibility criteria and become a
member prior to submitting the entry form. Sioux Falls Federal Credit Union employees, volunteer officials, affiliates and their
relatives are ineligible. The applicant must show proof of enrollment before scholarship funds will be disbursed.
Submission Requirements
Each entry must include the following documents:
• Completed and signed application form.
• Letter of recommendation from an unrelated person who is familiar with the applicant’s community.
• Personal video or essay on your community service activities.",https://www.levo.org/about/giving-back/scholarships,2023-04-07 00:00:00,"(5) $1,000",,UNKNOWN,b7eb9051-edb0-4ee1-aee1-10d7abb5f17f.xlsx:Resource 1
43863280,HonorsGradU Scholarship: Design A Better Future,"Design and work on a community improvement project, using the website checklist as a guide. Applicants must be graduating high school seniors planning on attending an accredited college or university in the US. Additionally, students must have met all of the requirements described on the website. Students don’t have to have a minimum GPA to apply. In fact, we don’t even look at the GPA. All we look at is the work pertaining to the student’s project. This is because we know that grades do not always reflect a student’s potential or ability to contribute to society. This scholarship is open to all students, of all backgrounds and academic standings.",https://www.honorsgradu.com/scholarship/,OPTIONAL DEADLINES IN THE FALL TO HELP WITH PROJECT. See website for details. FINAL SUBMISSION DUE: 05/28/2022,"(5) $10,000",,UNKNOWN,b7eb9051-edb0-4ee1-aee1-10d7abb5f17f.xlsx:Resource 1
0e34c622,Scholarships for Undocu Students,"Hispanic students who are beginning or continuing their studies at higher educational institution and demonstrate leadership in extra-curricular activities, a commitment to volunteer service in the community and financial need; be an incoming or continuing full-time undergraduate student full-time; have a 3.0 GPA; be a U.S. Citizen, Permanent Legal Resident, Undocumented, DACA, CA Dreamer or Eligible Non-Citizen (as defined by FAFSA); and, must be a resident and attending a college in Arizona or California’s Central Valley (see website for more details). For more information or to apply, please visit the scholarship provider's website.",https://www.scholarships.com/financial-aid/college-scholarships/scholarships-by-type/scholarships-for-undocumented-students/pepsico-cesar-chavez-latino-scholarship/,Varies,Varies,,UNKNOWN,9dd796c4-40ff-48da-b5bd-4585393b22f7.xlsx:Resource 2
192df01c,South Dakota Elks Association Career & Technical Ed. Scholarship,"Applicatns must be enrolled or planning to enroll in an accredited post-secondary career and technical education program which teminates with completion of that program. Applicants shall have no immediate or long range plans to pursue a baccalaureate degree program. A 350-500 typed word essay about the student. This should include a description of the applicant, the applican'ts financial needs, the applican'ts involvement in extracurricular and community activities and a summary of the applican'ts intended career plans and goals. Explain the course of study or other activities taken to prepare for the student's anticipated career.",SD Elks CTE Scholarship,2023-11-13 00:00:00,1500.0,,UNKNOWN,b7eb9051-edb0-4ee1-aee1-10d7abb5f17f.xlsx:Resource 1
49b8af96,Path to Success Scholarship,"Eligibility

The scholarship is open to any high school senior, college student, or graduate student who is a legal resident of the United States and living in the U.S. The student also must be enrolled in a two – five year post-secondary institution for the Spring 2023 semester.
Employees of Jan Dils Attorneys at Law, their immediate families (parent, child, sibling, and spouse), as well as those living in the same households of such individuals (whether related or not), are not eligible to participate in the competition.
Candidates for this scholarship should have a minimum GPA of 3.0 or higher and be in good academic standing.",https://jandils.com/2022-path-to-success-scholarship/,2023-12-31 00:00:00,1000.0,,UNKNOWN,9dd796c4-40ff-48da-b5bd-4585393b22f7.xlsx:Resource 2
7411c676,INKAS Rising Star Scholarship,"Be currently enrolled or intending to enroll (i.e., as of January 2023) as a full-time student in Business or Engineering areas of study at an accredited university in Canada or U.S.; and to support the application with appropriate documentation, including but not limited to: school transcripts (unofficial), invitation or acceptance letter from the institution.
Maintain a minimum 75% average or equal GPA from the most recent term/semester
Be a Canadian citizen, permanent resident of Canada, U.S. citizen or Green Card holder or student visa holder or study permit holder and be able to support it with a clear and legible photocopy.",https://inkasarmored.com/inkas-rising-star-scholarship-program/,2023-03-31 00:00:00,1500.0,,UNKNOWN,9dd796c4-40ff-48da-b5bd-4585393b22f7.xlsx:Resource 2
6927f1c2,Spirit Of Giving Scholarship,"High school seniors and current college students planning to attend college or another form of post-secondary education for the full school year following the submission period are eligible to apply. Eligible institutions include but are not limited to four-year universities, community colleges, institutes of technology and accredited credential or certificate programs.

Applicants must meet all of the following criteria:

Planning to attend school in the following school year at an institution within the US.
Not an employee or family member of Wine Country Gift Baskets or Houdini Inc.
Not a previous winner of this scholarship.",https://www.winecountrygiftbaskets.com/information/scholarship.asp,2023-07-31 00:00:00,1000.0,,UNKNOWN,9dd796c4-40ff-48da-b5bd-4585393b22f7.xlsx:Resource 2
cd14785a,Navajo Nations Scholarship,"Candidates for the Brown and Caldwell Navajo Nations Scholarship Program must be:

A United States citizen or permanent resident.
A full-time student enrolled at an accredited two-year junior or four-year undergraduate college, or a senior in high school with a letter of acceptance from the college or university to be attended.
Have or intend to declare a major in civil, chemical, mechanical, electrical or environmental engineering or one of the environmental sciences (e.g. geology, hydrogeology, ecology).
Cumulative GPA of 3.0 or higher on a 4.0 scale (or equivalent on a 5.0 scale).
An enrolled member of the Navajo Nation",https://brownandcaldwell.com/careers/navajo-nation-scholarship/,2023-04-01 00:00:00,4000.0,,UNKNOWN,9dd796c4-40ff-48da-b5bd-4585393b22f7.xlsx:Resource 2
2375f5bf,Horatio Alger National Scholarship,"Be enrolled full time as a high school junior in the United States
Exhibit a strong commitment to pursue and complete a bachelor’s degree at an accredited non-profit public or private institution in the United States (students may start their studies at a two-year institution and then transfer to a four-year institution)
Demonstrate critical financial need ($55,000 or lower adjusted gross family income is required)
Be involved in co-curricular and community service activities
Display integrity and perseverance in overcoming adversity
Maintain a minimum grade point average (GPA) of 2.0; and
Be a United States citize",https://app.smarterselect.com/programs/76253,September,"up tp $25,000",,UNKNOWN,9dd796c4-40ff-48da-b5bd-4585393b22f7.xlsx:Resource 2
11b33645,Unity Scholarship,"Unity Lodge #130 AF & AM located in Sioux Falls, SD will award scholarships to qualified applicants who are residents of South Dakota or are direct descendants of a Unity Lodge #130 member. These scholarships will be used to attend a post-secondary educational institution (college, university, technical school, etc.) located in South Dakota.

Successful candidates will demonstrate financial need, scholastic ability, and community involvement. Preference will be given to those having a connection, by blood or marriage, to a member of the Masonic fraternity, living or deceased; however, all are encouraged to apply.",https://www.unity130scholarship.org/,2023-05-31 00:00:00,(2) $500,,UNKNOWN,b7eb9051-edb0-4ee1-aee1-10d7abb5f17f.xlsx:Resource 1
f0640f47,Hy-Vee/Sanford Legends Scholarship,"Qualifications: 1. Be a graduating senior as defined by your school in spring of 2022 2. Reside in or around the areas outlined in the map on the application 3. Commit to continue their education at a 2-year or 4-year College or University in the fall directly after graduation 4. Have a high school cumulative GPA of 2.5 or higher 5. Have participated or contributed to their high athletic program in a significant way 6. Display character and values that make them a positive role model within their respective community 7. *Be nominated by a school official (principal, athletic director, coach, teacher)",Have not receive update scholarship information,2022-01-21 00:00:00,"(multiple) $5,000 awards",,UNKNOWN,b7eb9051-edb0-4ee1-aee1-10d7abb5f17f.xlsx:Resource 1
29a709b4,Dr Eugene Kramer Scholarship for Future Doctors of America,"In order to apply, be a current undergraduate student at a university in the United States or a High School student that plans to attend university. The scholarship is geared towards students who plan to attend medical school in the future.

The winner of the scholarship will be selected by an essay competition. A single winner will be chosen based on a creative essay of less than 1000 words answering the following:

“Being a doctor comes with great responsibility. When you become a doctor, name something that you will you do that goes over and above the call of duty to give back to the world.”",https://dreugenekramerscholarship.com/dr-eugene-kramer-scholarship/,2023-02-15 00:00:00,1000.0,,UNKNOWN,9dd796c4-40ff-48da-b5bd-4585393b22f7.xlsx:Resource 2
d2c5958a,DAR National Society Scholarship,"Applicants must be citizens of the United States.
Applicants must attend or plan to attend an accredited college or university in the United States.
All multi-year scholarships, typically renewable up to four years, must be for consecutive years of attendance.
Awards are based on academic excellence, commitment to the field of study, and/or financial need, or other restrictions on specific scholarships.
Awards are placed on deposit with the recipient’s college or university and any unused portion shall be returned to the DAR.
Applicants are only eligible to receive one scholarship from the DAR",https://www.dar.org/national-society/scholarships,"Janurary 31, 2023",Varies,,UNKNOWN,9dd796c4-40ff-48da-b5bd-4585393b22f7.xlsx:Resource 2
c6d79fbf,Unigo: Make Me Laugh Scholarship,"Applicants must:

Must be 14 years of age or older at time of application.| Must be a legal U.S. resident.| Must be a resident of one of the 50 United States or the District of Columbia.| This award is for U.S. students.

Submit an online written response to the question:

""OMG... finding and applying for scholarships is serious business, but it's time to lighten things up a little. We don't want to know why you deserve $1,500 or how great your grades are, we simply want to LOL. Describe an incident in your life, funny or embarrassing (fact or fiction), and make us laugh!"" (250 words or less)",https://www.unigo.com/scholarships/our-scholarships/make-me-laugh-scholarship,2023-08-31 00:00:00,1500.0,,UNKNOWN,9dd796c4-40ff-48da-b5bd-4585393b22f7.xlsx:Resource 2
9c8489aa,BBB Student of Integrity Award Scholarships,"Three high school seniors from South Dakota will each be granted $2,000 college scholarships. These awards are not based on ethnicity, need or grade point average, but recognize students who exemplify ethical behavior and personal integrity, and who demonstrate humility, courage, compassion and respect for their peers, teachers and community — values of the BBB. This year the application and recommendations are all submitted electronically. Applicants no longer mail their packet to a BBB office. It is important that students read the Application Guide before they fill out the application.",https://www.bbb.org/local/0714/bbb-student-of-integrity-awards.html,2023-03-24 00:00:00,"(3) $2,000",,UNKNOWN,b7eb9051-edb0-4ee1-aee1-10d7abb5f17f.xlsx:Resource 1
044810ea,Pierce Butler Scholarship,"The Minnesota Beta Chapter of Phi Kappa Psi recognizes excellence in the classroom, in leadership, and in the community for incoming freshmen men to the University of Minnesota. This scholarship is designed to promote academic excellence among a new generation of Golden Gophers while stewarding a positive campus atmosphere. By applying for the Pierce Butler Scholarship, applicants are under no obligation to join or otherwise become affiliated with the Phi Kappa Psi fraternity. Recipients of the scholarship historically have been chosen based on merit in academics and/or in the community.",http://www.mnphipsi.com/scholarship/,2023-08-21 00:00:00,Varies,,UNKNOWN,b7eb9051-edb0-4ee1-aee1-10d7abb5f17f.xlsx:Resource 1
5921e550,Honors Graduation: Build A Better Future Scholarship,"Eligibility Criteria:
To be eligible for the scholarship, applicants must be graduating high school seniors planning on attending an accredited college or university in the United States of America. Additionally, students must have met all of the requirements described on this website (http://honorsgradu.com/). Employees of Honors Graduation and their families are not eligible to participate. Submissions must be received before the deadlines in order to qualify for the scholarship program. Mailed applications must be postmarked by that deadline. There are no citizenship requirements.",https://www.honorsgraduation.com/graduation-scholarship.htm,2024-04-08 00:00:00,"(5) $10,000",,UNKNOWN,b7eb9051-edb0-4ee1-aee1-10d7abb5f17f.xlsx:Resource 1
e5f1f8f4,Barbara Lotze Scholarship for Future Teachers,"Eligibility:
Applicants must declare their intent to prepare for, and engage in, a career in physics teaching at the high school level and must, at the time the scholarship funds are received by the student, be:
A) An undergraduate student enrolled in an accredited two-year college, four-year college or a university; or a high school senior accepted for such enrollment.
B) Pursuing, or planning to pursue, a course of study leading toward a career in physics teaching in the high schools.
C) Showing promise of success in their studies, and
D) A citizen of the United States of America.",https://studentscholarships.org/scholarship/9561/barbara-lotze-scholarships-for-future-teachers,2023-12-01 00:00:00,"(6) $3,000",,UNKNOWN,b7eb9051-edb0-4ee1-aee1-10d7abb5f17f.xlsx:Resource 1
0afe39ed,Patriots of the American Revolution High School Essay Contest,"This contest is open to students in public, private, and parochial schools, and registered home-study programs, in grades 9-12. Essays from students from all grades will be judged together, with one winning essay chosen at each level. Participating DAR chapters will select one essay as the chapter winner, to be sent on to the State level; the State will select one essay winner to present the state for judging a the Division level, and each Division level will also have one winner which will be sent on to the National contest. *See Ms. Likness with quesitons.
US school awards only",https://www.dar.org/national-society/education/essay-contests,2023-12-01 00:00:00,Varies,,UNKNOWN,b7eb9051-edb0-4ee1-aee1-10d7abb5f17f.xlsx:Resource 1
63ad3a9c,AbbVie Cystic Fibrosis Scholarship,"Applicants must be United States citizens or a legal and permanent residents of the United States who have been diagnosed with CF by a physician and are enrolled in or awaiting acceptance from an accredited institution (i.e., college, university, or trade/vocational school) for an educational program during the upcoming academic year. Employees of AbbVie and their immediate family members are not eligible to apply. Healthcare providers and their immediate family members are not eligible to apply. For more information or to apply, please visit the scholarship provider's website.",https://www.scholarships.com/financial-aid/college-scholarships/scholarships-by-type/disability-scholarships/abbvie-cystic-fibrosis-scholarship/,2023-04-30 00:00:00,"$25, 000",,UNKNOWN,9dd796c4-40ff-48da-b5bd-4585393b22f7.xlsx:Resource 2
079195a9,Sanford Future Health Professional Scholarship,"This scholarship can only be awarded to BVHS seniors attending colleges or universities in SD, ND, or MN. Both 2 and 4-year schools are acceptable.

- Students must be pursuing a future career in healthcare.

- Preference may be given to members of the healthcare-related school group, HOSA.

- Preference may be given to applicants with prior healthcare-related experience. Applicants must get a BVHS staff member to fill out and turn in a sponsor from on behalf of them. Forms can be printed from the application link or a printed copy can be picked up in the high school office.",Application Link,2023-04-14 00:00:00,"(5) $2,000",,UNKNOWN,b7eb9051-edb0-4ee1-aee1-10d7abb5f17f.xlsx:Resource 1
35983f1a,"Ascent $1,000 Monthly Community Champions Scholarship Giveaway","Eligibility. The Promotion is open only to: students that are (i) enrolled in a degree program at least half-time, or technical skills training program (for example, a coding bootcamp) and (ii) legal residents of one of the fifty United States or the District of Columbia or DACA status student, age 18 or older. Employees or agents of Sponsor or its parent or affiliate companies or suppliers, as well as the immediate family (spouse, parents, siblings and children) and household members of each such employee or agent, are not eligible. Legal entities are not eligible to enter",https://www.ascentfunding.com/scholarships/community-champions/#//,Monthly,1000.0,,UNKNOWN,9dd796c4-40ff-48da-b5bd-4585393b22f7.xlsx:Resource 2
a2fc416a,Heisman High School Scholarship,"Criteria For Application:
Senior students.
Students who have at least a weighted “B” grade average (3.0 GPA) during grades 9, 10, and 11.
Students who participate in at least one of 47 Heisman High School Scholarship recognized sports (see website) recognized by the International Olympic Committee or the National Federation of State High School Associations.
Students who have participated in volunteer service, community involvement or leadership within his/her school or community.
Students who are a resident of one of the 50 United States or the District of Columbia (D.C.).",https://heismanscholarship.com,2023-10-17 00:00:00,"$1,000-$10,000",,UNKNOWN,b7eb9051-edb0-4ee1-aee1-10d7abb5f17f.xlsx:Resource 1
4694ebc9,MGMA Western Section Scholarship,"Scholarship applicants are required to be a member of MGMA.

Applicants must be enrolled in an undergraduate or graduate degree program relevant to medical practice management, including public health, business administration, healthcare administration and other related areas.

To be eligible to receive a scholarship, students must be enrolled in a degree program for the coming academic year at a university located within the United States.

Must reside in Alaska, Arizona, California, Colorado, Hawaii, Idaho, Montana, Nevada, New Mexico, Oregon, Utah, Washington or Wyoming",https://app.goingmerry.com/scholarships/mgma-western-section-scholarship/7096,2023-05-22 00:00:00,Varies,,UNKNOWN,9dd796c4-40ff-48da-b5bd-4585393b22f7.xlsx:Resource 2
9fac1a30,Foot Locker Scholar Athletes,"In order to be eligible for the Foot Locker Scholar Athletes program, the applicant must:
Be entering college in the fall as a Freshman at a four-year school for an undergraduate degree.
Be currently involved in high school sports, intramural sports, or community based sports.
Have a minimum GPA of 3.0.
Be a U.S. citizen or permanent legal resident (you will be asked to prove citizenship and age if you win).
Not be an employee, officer or director of Foot Locker, Inc., or any of its subsidiaries, or a member of the immediate family of such an employee, officer or director.",https://footlockerscholarathletes.com/,2023-01-30 00:00:00,"(20) $20,000",,UNKNOWN,b7eb9051-edb0-4ee1-aee1-10d7abb5f17f.xlsx:Resource 1
539a77fa,"Energy Pathway Scholarship: Tech, Trade & Community College","Eligible students must be in the 12th grade and enrolled in any public or private high school in Utah, or a first-year student pursuing a STEM undergraduate degree or STEM-related technical certification at a Utah institute of higher learning. Past scholarship winners are ineligible to apply for the program. Applications consist of a questionnaire and essay. The following scholarship types will be awarded under the program as stated below:

$2,000 per student for a Utah technical college or community college scholarship

Applications must be submitted annually by April 1.",https://completescholarships.scholarshipuniverse.com/student/scholarship/140891?search=true,2023-04-01 00:00:00,2000.0,,UNKNOWN,9dd796c4-40ff-48da-b5bd-4585393b22f7.xlsx:Resource 2
9c53e3f4,Voyage Federal Credit Union Scholarships,"Available to full-time students who enroll in an accredited college, university, trade or technical school for the 2018-2019 school year. Voyage Federal Credit Union pays one payment in the fall to the college, university or school after applicatn's acceptance in that institution. Applications become the property of Voyage Federal Credit Union. All applicants must: be a graduating high school senior, have a minimum 2.5 cumulative GPA, be a primary Voyage FCU member in good standing, not be a Voyage FCU employee, director or committee member or an immediate family member.",Scholarship Application,2023-04-15 00:00:00,(2) $500,,UNKNOWN,b7eb9051-edb0-4ee1-aee1-10d7abb5f17f.xlsx:Resource 1
b941f3e9,Equality South Dakota’s Audacity Award,"Equality South Dakota’s Audacity Award is a scholarship for 2SLGBTQ+ and allied students who have been engaging in community service and/or activism work that seeks to better the lives of 2SLGBTQ+ people in South Dakota. This award is available to high school seniors who are heading to ANY college, university, technical school, trade school etc., as well as current college, university, technical school, trade school etc. Students who are post high school can be enrolled in any field of study, but they must be completing their secondary education in South Dakota",https://forms.gle/VMNoLNTDYg1hkswu5,2023-06-03 00:00:00,(1) $250 for a graduating high school senior student,,UNKNOWN,b7eb9051-edb0-4ee1-aee1-10d7abb5f17f.xlsx:Resource 1
387c9da0,South Dakota Telecommunications Association Scholarship,Qualifying Students: Have a high school diploma or GED equivalent; Are accepted into or attending a multi-year program degree at any accredited techcical college or accredited post-secondary higher education institution in South Dakota for fall semseter; Are majoring in a degree/program or field of study that is useful in the telecommunications or broadband industry or which signficantly relies on the use of broadband services and related technologies; and a customer/member or have a parent or legal guardian that is a customer/member of a SDTA member company.,https://sdtaonline.com/sdta_scholarships.php,2023-06-15 00:00:00,"(2) $2,000 and (1) $1,500",,UNKNOWN,b7eb9051-edb0-4ee1-aee1-10d7abb5f17f.xlsx:Resource 1
1569c0b9,Southeast Area Principals Scholarship,"• All students applying to receive this scholarship award are required to fully complete all sections of this application packet. All questions must be answered and essay completed.
•Essay Requirement- 500 words
•Discuss your future plans (school / career) and how your education prepared you for your next step.
•Applicant’s School Principal must be an active member of the Southeast Area Principals Group.
•$500 Scholarship will payable after successful completion of 1 semester at a Post-Secondary Institution.
•Contact your school administrator upon completion",SEAP Scholarship Application,2023-02-24 00:00:00,500.0,,UNKNOWN,b7eb9051-edb0-4ee1-aee1-10d7abb5f17f.xlsx:Resource 1
fabec745,Cyber America,"CyberStart America gives students in 9th-12th grade free access to the world-renowned CyberStart game.

Tackle four unique bases, each focusing on both offensive and defensive cybersecurity disciplines.

Explore over 200 unique security challenges which you'll solve as a cybersecurity agent investigating criminal gangs.

Get access to an extensive field manual featuring video demos, top tips and essential background information to help with challenges.

Unlock a hidden interest, progress from novice to expert and demonstrate your skills to win scholarships.",https://www.cyberstartamerica.org/?utm_source=Newsletter&utm_medium=email&utm_content=Student+scholarship+opportunities+with+CyberStart+America&utm_campaign=%5BCSA%5D+CyberStart+America+-+Enable+-+teachers&vgo_ee=0%2BwtksE76i1gZJa8ZG24ZA%3D%3D,2023-05-13 00:00:00,Varies,,UNKNOWN,9dd796c4-40ff-48da-b5bd-4585393b22f7.xlsx:Resource 2
4312ee31,Augustana University - Journey Scholars Program & Scholarship,"Who can apply for Journey Scholars?
Students from the U.S. who are admitted to Augustana University and identify on their application as being Black, Indigenous, Hispanic, Asian, or Person of Color.
Scholarships are awarded to all participants. For students with financial need, Augustana is committed to meeting the financial need of Journey Scholars as determined by the FAFSA.

Program features:
Access early campus orientation & programming.
Connect and regularly meet with an Augustana BIPOC per mentor.
Develop and implement a personalized academic plan.",Journey Scholars Program,Prefered Deadline: 01/15 With Rolling Program Admission,Varies,,UNKNOWN,b7eb9051-edb0-4ee1-aee1-10d7abb5f17f.xlsx:Resource 1
6bcd421e,Profile in Courage Essay Contest,"The contest is open to US high school students in grades 9-12. Essays can be no more than 1,000 words but must be a minimum of 700 words. Citations and bibliography are not included in word count. Essays must describe an act of political courage by a U.S. elected official who served during or after 1917, the year John F. Kennedy was born. The official may have addressed an issue at the local, state, or national level. Must have a minimum of five sources. Must have nominating teacher who provides support and advice during the writing of their essay.",https://www.jfklibrary.org/learn/education/profile-in-courage-essay-contest,2024-01-12 00:00:00,10000.0,,UNKNOWN,b7eb9051-edb0-4ee1-aee1-10d7abb5f17f.xlsx:Resource 1
f119b0b4,South Dakota School of Mines Scholarships,"In order to be considered for incoming freshmen scholarships, prospective students must be accepted for admission to South Dakota Mines by the priority scholarship deadline of January 15 as well as have a 3.0 unweighted cumulative GPA from high school. The Office of Admissions will consider a student's highest composite score (either ACT or SAT) by test date. Please note ACT Superscores (calculated by ACT) will NOT be considered. After the deadline of January 15, no additional test scores or updated high school transcripts will be considered.",https://www.sdsmt.edu/FinAid/Scholarships/,2024-01-15 00:00:00,Varies,,UNKNOWN,b7eb9051-edb0-4ee1-aee1-10d7abb5f17f.xlsx:Resource 1
acf4f411,CHS Scholarship,"Attention post-secondary bound students! We’re looking for the next generation of rural leaders, future producers and those passionate about the agricultural industry.Applicants must be a high school senior from the local CHS trade area, have a desire to work with the agricultural field and show enrollment in post-secondary education. Primary consideration will be given to applicants whose high school academic performance is high while demonstrating the qualities of leadership, passion for the industry, integrity and community involvement.",https://www.chsbrandon.com/scholarships/,2023-02-10 00:00:00,"(4) $2,500",,UNKNOWN,b7eb9051-edb0-4ee1-aee1-10d7abb5f17f.xlsx:Resource 1
b9909a9d,Evie Kahnke Memorial Scholarship,"This scholarship has been established in memory of Evie Kahnke. Evie, the daughter of Chad and Hollie Kahnke, and sister to Emily and Charlie Kahnke, was an outstanding student-athlete and well rounded individual acitve in sports, FFA, 4H and her religion. She lost her three month battle to Acute Myeloid Luekemia at age 17, just days after her high school graduation. This scholarship is open to SD students who were active in extra curricular activities through all of his/her high school years and plan to pursue a career in teh ag industry.",https://eviekahnkememorial.org,2023-02-28 00:00:00,500.0,,UNKNOWN,b7eb9051-edb0-4ee1-aee1-10d7abb5f17f.xlsx:Resource 1
e71b6910,AES Engineering Scholarship,"Students must submit an essay of between 500 and 1000 words in answer to the following question:
When you look back on your life in 30 years, what would it take for you to consider your life successful? What relationships or accomplishments will be important on this journey? Submit essay to scholarships@aesengineers.com

There is no application packet for this award. Please do not include your resume at this time.
Be sure to include your full name as well as the name of the school you are attending this year and your plans for next year.",https://aesengineers.com/scholarships.php,2023-10-08 00:00:00,500.0,,UNKNOWN,b7eb9051-edb0-4ee1-aee1-10d7abb5f17f.xlsx:Resource 1
833366e2,Sioux Valley Energy Scholarships,"To be eligible you must:
Be a graduating high school senior or first-time attendee at an institution of higher education.
Plan to be a full-time student in an accredited college, vocational technical or accredited power line technical school this fall.
Be a son or daughter of a Sioux Valley Energy customer.
Have a 3.0 or higher cumulative GPA for a 4-year college and a minimum of a 2.5 or higher for a vocational/technical school.
Provide a written recommendation from a teacher, administrator or counselor.
One winner per family/per year.",https://www.siouxvalleyenergy.com/youth-scholarship-programs,2024-01-12 00:00:00,"Varies (20,000 in higer education scholarships)",,UNKNOWN,b7eb9051-edb0-4ee1-aee1-10d7abb5f17f.xlsx:Resource 1
1a15efba,Fossi Scholarship,"Be a citizen or legal permanent resident of the United States
Complete or have completed high school with a minimum GPA of 3.0 on a 4.0 scale (unweighted) and be entering their freshman year of college
Pursue studies in a pertinent chemical and engineering industry STEM field. See preferred majors
Attend an HBCU for the entirety of their college education
Have interest in pursuing a career in chemical manufacturing, engineering, environmental health and sustainability or other related chemical-industry fields
Demonstrate financial need",https://www.tfaforms.com/5003307?utm_source=webpage&utm_medium=CTA&utm_campaign=FOSSI-2022,"Janurary 31, 2023","up to $40,000",,UNKNOWN,9dd796c4-40ff-48da-b5bd-4585393b22f7.xlsx:Resource 2
5cb6be88,Women In Science Scholarship,"Must be a U.S. Citizen or Permanent U.S. Resident
Must be an enrolled (or accepted) female student in an accredited college or university
Must be pursuing an undergraduate degree in a scientific field of study, such as biology, physical science, chemistry, or physics
Must be a U.S. Citizen or Permanent U.S. Resident
Must be an enrolled (or accepted) female student in an accredited college or university
Must be pursuing an undergraduate degree in a scientific field of study, such as biology, physical science, chemistry, or physics",http://study.com/pages/Women_in_Science_Scholarship.html,2023-05-01 00:00:00,1000.0,,UNKNOWN,b7eb9051-edb0-4ee1-aee1-10d7abb5f17f.xlsx:Resource 1
48946588,Odenza Marketing Group Scholarship,"Be between the ages of 16 and 25 on the day of the deadline.
B) Submit answers to the essay questions, which can be found on the application page, prior to the deadline.
C) Have at least one full year of post-secondary studies remaining at the time of the award. (Current High School Students are also eligible.)
D) Have a GPA of 2.5 or greater.
E) Be a citizen of the United States or Canada.
The scholarship winner will be announced roughly
Read more about Eligibility: Odenza Marketing Group Scholarship by odenzascholarships.com",https://odenzascholarships.com/apply.php,2023-11-15 00:00:00,500.0,,UNKNOWN,9dd796c4-40ff-48da-b5bd-4585393b22f7.xlsx:Resource 2
fb7cbdc6,Culvers Scholarship,"Be employed at Culver’s at least six months as of the due date.
Have worked at Culver’s at least 400 hours over the last 12 months (as of the application due date).
Be high school seniors or graduates, or current postsecondary undergraduates, or graduate level students who plan to enroll in part-time or full-time study at an accredited two-year or four-year college, university, or vocational-technical school for the entire upcoming academic year.
Have a minimum grade point average of 2.0 out of 4.0 scale (or its equivalent).",https://learnmore.scholarsapply.org/culvers/,2023-03-29 00:00:00,5000.0,,UNKNOWN,9dd796c4-40ff-48da-b5bd-4585393b22f7.xlsx:Resource 2
f9cc4b0e,Wise Wealth Scholarship,"Minimum GPA of 3.5
Major of study must support a career in the finance industry (e.g., finance, business, accounting, mathematics, management, and other related majors)
Must be a US resident
Must send in an official transcript
Must be a current or future college student (e.g., high school senior)
Scholarship must go to tuition purposes (will be paid directly to the university/college)
Complete an essay for submission (see essay guidelines below)
Include contact information with the essay so we can get in touch with winners",https://www.badcredit.org/scholarship/,2023-12-31 00:00:00,1000.0,,UNKNOWN,9dd796c4-40ff-48da-b5bd-4585393b22f7.xlsx:Resource 2
472c0697,Foundation for Rural Service College Scholarship,"Each applicant must:
• Be a graduating high school senior.
• Be a United States citizen.
• Be sponsored by a current NTCA–The Rural Broadband
Association member (Alliance Communications)
• Be accepted by an accredited two- or four-year college,
university or vocational-technical school.
• Have at least a C grade point average (GPA).
• Express an interest to return to a rural community
following graduation. ***application must be signed by an Alliance sponsoring member*** See Ms. Likness for information regarding signature.",https://www.frs.org/programs/youth-programs/scholarships,2023-02-08 00:00:00,"$500-$7,000",,UNKNOWN,b7eb9051-edb0-4ee1-aee1-10d7abb5f17f.xlsx:Resource 1
a0a0e64a,South Dakota Weed Fighters Scholarship,"The Association of SD County Weed and Pest Boards is accepting applications for post-secondary scholarships. To be eligible for Weed Fighter’s scholarship you must meet the following requirements:

Must be a citizen of the United States, and a South Dakota resident.
Must be a high school graduate, funding after you complete one semester in college
a post – secondary student with an agriculture production, precision farming, agronomy or entomology field of study in a South Dakota College, University or Technical School.",,2021-04-02 00:00:00,Minimum of $500 or more,,UNKNOWN,b7eb9051-edb0-4ee1-aee1-10d7abb5f17f.xlsx:Resource 1
e27b9522,Wells Fargo Scholarship Program for People with Disabilities,"Have an identified disability (defined as someone who has, or considers themselves to have, a long-term or recurring issue that impacts one or more major life activity)
Have a minimum grade point average of 3.0 on a 4.0 scale or its equivalent
Be a high school senior or graduate who plans to enroll or who is already enrolled in full-time or half-time (at least 6 credits per term) undergraduate study at an accredited two-year or four-year college or university in the United States for the entire 2021-2022 academic year",https://learnmore.scholarsapply.org/pwdscholarship/,2023-02-18 00:00:00,"student will receive a $2,500 award for full-time study or a $1,250 award for half-time study",,UNKNOWN,9dd796c4-40ff-48da-b5bd-4585393b22f7.xlsx:Resource 2
f737924d,Brandon Valley Area Chamber of Commerce Scholarship,"Eligibility Requirements:
● Students must be a graduating Brandon Valley High School senior with a record of volunteerism in the community, in non-school sponsored activities, and/or participation in extracurricular school activities.
● Applicants must plan to attend an accredited post-high school college, university, vocational technical school, community college or junior college on a full-time basis.
● Application must be signed by both the parent and student in order to be considered and have a 3.0 GPA or above.",https://www.brandonvalleychamber.com/chamber-scholarship/,2023-04-03 00:00:00,500.0,,UNKNOWN,b7eb9051-edb0-4ee1-aee1-10d7abb5f17f.xlsx:Resource 1
2ade3cdb,ALLIANCE Communications Scholarship,"The Applicant’s household must be current customers of Alliance Communications, and the applicant must plan to be a full-time student in the fall. Completed application.
Two letters of recommendation. One letter must be from a teacher or school staff member.
A typed short essay (maximum 1 page in length) on one of these topics: Who has had the biggest impact on your life? What technological change has most affected you or your family? What is the best part of your community?
Transcript
ACT or SAT test scores",Alliance Scholarship Application,2024-03-01 00:00:00,"multiple $1,000",,UNKNOWN,b7eb9051-edb0-4ee1-aee1-10d7abb5f17f.xlsx:Resource 1
eed0b7ce,Actuarial Diversity Scholarship,"Must have at least one birth parent who is a member of one of the following minority groups:
Black/African American,
Latinx,
Native North American,
Pacific Islander.
Enrolling as or enrolled as a full-time undergraduate student at a U.S. accredited educational institution.
Minimum cumulative GPA of 3.0 (on a 4.0 scale), emphasis on math or actuarial courses.
Entering college freshmen must have a minimum ACT math score of 28 or SAT math score of 620.
Intent on pursuing a career in the actuarial profession.",https://www.actuarialfoundation.org/scholarships/actuarial-diversity-scholarship/,2023-03-31 00:00:00,"$1,000-$4,000",,UNKNOWN,9dd796c4-40ff-48da-b5bd-4585393b22f7.xlsx:Resource 2
e9781a13,Energy Pathways Scholarship - University STEM,"Eligibility

Eligible students must be in the 12th grade and enrolled in any public or private high school in Utah, or a first-year student pursuing a STEM undergraduate degree at a university in Utah. Past scholarship winners are ineligible to apply for the program. Applications consist of a questionnaire and essay. The following scholarship types will be awarded under the program as stated below:

$4,000 per student for a Utah university scholarship

Applications must be submitted annually by April 1.",https://completescholarships.scholarshipuniverse.com/student/scholarship/114796?search=true,2023-04-01 00:00:00,4000.0,,UNKNOWN,9dd796c4-40ff-48da-b5bd-4585393b22f7.xlsx:Resource 2
f07606d1,Study.com Scholarship for African Americans,"""Must be a U.S. Citizen or Permanent U.S. Resident.
Must be of African American Heritage.
Must be enrolled (or accepted) in an accredited college or university and planning on continuing the next year.
Graduating high school seniors who meet the above-mentioned criteria may apply.
Must have a minimum of 30 semester or 45 quarter hours still to be completed.
Must consent to provide a digital photograph of self and quote for display on Study.com if notified as the award winner by the selection committee.""",https://study.com/pages/Scholarship_for_African_Americans.html,2024-04-01 00:00:00,2000.0,,UNKNOWN,b7eb9051-edb0-4ee1-aee1-10d7abb5f17f.xlsx:Resource 1
14259dde,PB & J Scholarship,"The PB&J Scholarship is for students who have experienced personal challenges that may not have allowed them to perform well academically, but who still have the drive to succeed. Scholarship is open to senior high school students who plan on attending a 2 or 4 year college.

Examples of personal challenges include, but are not limited to:
medical issues
peer issues: bullying, change of school, minority status, etc.
family issues: divorce, death, lack of income, homelessness, foster care, abuse, etc.",https://pbjscholarship.org/,2023-05-31 00:00:00,"Up to $1,000",,UNKNOWN,b7eb9051-edb0-4ee1-aee1-10d7abb5f17f.xlsx:Resource 1
4b7f15d1,Grand Lodge A.F. & A.M. of South Dakota Scholarship,"Must be a South Dakota residents who plans to attend a public or private college, university or technical school. Preference will be given to students attending a school in South Dakota. Successful candidates will demonstrate financial need, scholastic capability, and have a family connection, either by blood or marriage, to a member of the Masonic fraternity, either living or deceased. Scholarships will be granted for one year, but may be applied for each year for a maximum of five years.",http://mygrandlodge.org/Progrm-Scholarship.html#Top,2023-03-31 00:00:00,"(several) $2,000",,UNKNOWN,b7eb9051-edb0-4ee1-aee1-10d7abb5f17f.xlsx:Resource 1
8c7c78ec,The Generation Google Scholarship,"Intend to be enrolled in or accepted as a full-time student in a Bachelors, Masters, or PhD program at an accredited university or college in the United States or Canada for the upcoming academic year

Be studying computer science, computer engineering, or a closely related technical field

Demonstrate a strong academic record

Demonstrate financial need

Exemplify leadership and demonstrate passion for improving representation of underrepresented groups in computer science and technology",https://app.goingmerry.com/scholarships/the-generation-google-scholarship/12395,2023-05-15 00:00:00,10000.0,,UNKNOWN,9dd796c4-40ff-48da-b5bd-4585393b22f7.xlsx:Resource 2
c5a0c7dc,Jan VandenBos Competitive Scholarship,"Eligibility Requirements:
1) have been a player in the Dakota Alliance Competitive Soccer Program for at least four (4) years and be a current U18 or
U19 player,
2) be a graduating senior with plans to continue your education (trade or certificate program, two-year college/technical
school or 4-year college or university)
3) have a Cumulative High School GPA of 3.0 or higher. *There is no requirement for the student to play soccer after graduation to be considered for these scholarships",https://www.dakotaalliancesoccer.com/financial-aid,2023-05-01 00:00:00,"$1,000 for a senior boy & $1,000 for a senior girl",,UNKNOWN,b7eb9051-edb0-4ee1-aee1-10d7abb5f17f.xlsx:Resource 1
1d1f3891,IVEY Essay Contest,"The requirements for eligible student entries are:

You should presently be a senior in high school;
Or be transitioning from high school to a college or university;
Or be already enrolled as an undergraduate in a college or university inside the United States.
Employees and their immediate family members of Ivey Engineering are not eligible to participate.
Students with full academic scholarships are not eligible to enter.
Past winners are not eligible to participate in the contest.",https://www.iveyengineering.com/about-us/scholarship/,2023-05-01 00:00:00,1000.0,,UNKNOWN,9dd796c4-40ff-48da-b5bd-4585393b22f7.xlsx:Resource 2
5e5d04ec,Dacotah Bank Scholarship,"ELIGIBILITY
TO BE ELIGIBLE FOR A DACOTAH BANK SCHOLARSHIP, YOU MUST MEET ALL OF THE FOLLOWING CRITERIA:
• High School Senior who will attend a higher
education institution in North Dakota, South Dakota or Minnesota
• Student or student’s immediate family must be a primary or secondary owner on a deposit acount, a primary owner or co-owner on a loan account, a primary
owner of an insurance policy, or someone who has
an agency agreement with the Trust and Wealth Management department.",dacotahbank.com/scholarship,2023-03-10 00:00:00,"(1) $10,000 and (29) $2,000",,UNKNOWN,b7eb9051-edb0-4ee1-aee1-10d7abb5f17f.xlsx:Resource 1
4b4f4c03,Coca Cola Scholars Programs Scholarship,"Applicants must be:Current high school (or home-schooled) seniors attending school in the United States (or select DoD schools)
U.S. Citizens, U.S. Nationals, U.S. Permanent Residents, Refugees, Asylees, Cuban-Haitian Entrants, or Humanitarian Parolees,
anticipating completion of high school diploma at the time of application,
planning to pursue a degree at an accredited U.S. post-secondary institution,
carrying a minimum 3.00 GPA at the end of their junior year of high school.",http://www.coca-colascholarsfoundation.org/applicants/,2023-10-02 00:00:00,20000.0,,UNKNOWN,b7eb9051-edb0-4ee1-aee1-10d7abb5f17f.xlsx:Resource 1
fc431ae2,AG Bell College Scholarship Awards,"To be eligible, spoken communication must be the applicant's primary mode of communication and hearing loss must have been diagnosed before the applicant's fourth birthday. Hearing loss must be bilateral and in the moderate to profound range. Applicants must have an unaided Pure-Tone Average (PTA) of 60dB or greater in the better-hearing ear in the speech frequencies of 500, 1000 and 2000 Hz. For more information, or to apply, please visit the scholarship provider's website.",https://www.agbell.org/Connect/AG-Bell-College-Scholarship-Program,2023-03-03 00:00:00,Varies,,UNKNOWN,9dd796c4-40ff-48da-b5bd-4585393b22f7.xlsx:Resource 2
32b15ca3,Waste Management Four Corners Scholarship,"Be pursuing a Diesel or Heavy Equipment Mechanic major.

Be a high school senior or graduate, or current college undergraduate.

Plan to enroll in full-time undergraduate study at an accredited two-year college or vocational-technical school for the entire upcoming academic year in Colorado, New Mexico, Utah or Arizona.

Have a minimum grade point average of 2.0 on a 4.0 scale (or its equivalent).

WM employees and immediate family members of WM employees are ineligible.",https://app.goingmerry.com/scholarships/wm-four-corners-scholarship-program/15436,2023-05-13 00:00:00,2500.0,,UNKNOWN,9dd796c4-40ff-48da-b5bd-4585393b22f7.xlsx:Resource 2
4f9a3190,Men's College Scholarship,"Available to any male, graduating high school senior who is enrolling in a four-year undergraduate college program commencing in fall 2023, scholarships will range from $500-$1,000 and will be issued in the form of a check for recipients to use as desired.

The scholarship is designed to identify and reward outstanding high school seniors who have demonstrated an ability to excel in the fields of academics, extra-curricular school activities and community involvement.",https://app.smarterselect.com/programs/79371-Foundation-For-Fraternal-Excellence-,2023-04-03 00:00:00,"multiple $500-$1,000 scholarships",,UNKNOWN,b7eb9051-edb0-4ee1-aee1-10d7abb5f17f.xlsx:Resource 1
5d0d2be0,Citi Youth Leadership Award Scholarship,"Students need to be a senior at a Sioux Empire high school during the 2020-2021 academic year. Students need to have contributed at least 100 hours of service within the past 12 months. Eligible service may include: service with community/religious organizations; service through school/community based service-learning projects or individual efforts to help others and/or improve the community. This service cannot include fundraising, lobbying, or paid/stipend service.",www.helplinecenter.org/scholarship,By 5pm on: 03/15/23,"(3) $1,000",,UNKNOWN,b7eb9051-edb0-4ee1-aee1-10d7abb5f17f.xlsx:Resource 1
dd50eea4,Trane Technnician of the Future,"Be a current high school senior, high school graduate or current college undergraduate in an eligible region in the US and Canada.

Be pursuing an HVAC (Heating, ventilation, and air conditioning) degree or certification or building automation technology degree or certification.

plan to enroll in part-time or fulltime undergraduate study at an accredited two- or four-year college, university or vocational-technical/trade school for the upcoming academic term.",https://app.goingmerry.com/scholarships/trane-technician-of-the-future-scholarship/15423?utm_source=sendgrid&utm_medium=email&utm_campaign=counselor-scholarship-digest&utm_content=unregistered-counselors,2023-05-08 00:00:00,4000.0,,UNKNOWN,9dd796c4-40ff-48da-b5bd-4585393b22f7.xlsx:Resource 2
fbfe6c4a,The Weber Shandwick Scholarship,"The Weber Shandwick Scholarship is currently accepting applications from high school seniors, and anyone currently enrolled in an undergraduate college or university. The Weber Shandwick Scholarship is not merit based, so you don't need to submit any grades or test scores. All you have to do is write one 400-600 word essay. Your essay should address the following question: ""How can emerging technology contribute to a more fair, accessible, or inclusive world?""",Weber Shandwick application,2023-11-27 00:00:00,1000.0,,UNKNOWN,b7eb9051-edb0-4ee1-aee1-10d7abb5f17f.xlsx:Resource 1
7f6a4bd2,Marv Veldkamp Softball Scholarship,"REQUIREMENTS:
1. Brandon Valley High School Senior – graduating 2021
2. Played BVHS Softball all four years of high school
3. Minimum of two years on the Varsity Team
4. Minimum Cumulative GPA of 3.0 – end Semester one 2020-2021
5. Applicant/winner does not have to play college softball
6. Essay – in 500 words, or less, write an essay on “The Life Lessons I Learned from the Game of Softball”
Return application with essay to Mr. Randy Marso (Athletic Director)",,2021-03-31 00:00:00,500.0,,UNKNOWN,b7eb9051-edb0-4ee1-aee1-10d7abb5f17f.xlsx:Resource 1
0ae05537,Unigo: Shout It Out Scholarship,"Applicants must:

This award is for U.S. students.| Must be a legal U.S. resident.| Must be a resident of one of the 50 United States or the District of Columbia.| Must be 14 years of age or older at time of application.

Submit an online written response to the question:

""If you could say one thing to the entire world at once, what would it be and why?"" (250 words or less)

The Shout It Out Scholarship winner will be notified by email or phone on or around",https://www.unigo.com/scholarships/our-scholarships/shout-it-out-scholarship,2023-09-30 00:00:00,1500.0,,UNKNOWN,9dd796c4-40ff-48da-b5bd-4585393b22f7.xlsx:Resource 2
cfe6354d,The Banner Student Scholarship,"Eligibility Requirements:
1. Must be a senior student planning to attend a 4-year college or university the fall following graduation.
2. Applicant has shown academic achievement by earning a GPA of 3.5 or higher.
3. Applicant has 4 years of dedicated participation in a music ensemble (band, chorus, orchestra).
4. Applicant has 4 years of dedicated participation in athletics.
Applications can be submitted to Bill Freking, BVHS Athletic Director.",The Banner Student Scholarship application,2023-04-21 00:00:00,1000.0,,UNKNOWN,b7eb9051-edb0-4ee1-aee1-10d7abb5f17f.xlsx:Resource 1
344e8926,Ramia Boersma Scholarship,Scholarships are awarded to outstanding students who are planning on entering the teaching profession. Criteria for the application requires that the student must: 1. Be the dughter/son or grandaughter/grandson of an active member or an SDEA-Retired member. 2. Be in the top quarter of his/her class as of January of graduating year. 3. Be a student in a SD public education institution. 4. Be accepted and/or enrolled in a SD college or university.,https://www.sdea.org/why-join-the-sdea/grants-scholarships,02/15 each year,up to (3) $750,,UNKNOWN,b7eb9051-edb0-4ee1-aee1-10d7abb5f17f.xlsx:Resource 1
a1492329,Huge - Nebraska Wesleyan University Scholarship,"To qualify, a student must:
Have a cumulative high school GPA of 3.75 or higher (weighted on 4.0 scale).
Submit the Nebraska Wesleyan University application for admission.
Students will create an NWU application account with their email address and a password.
Submit the Huge-NWU Scholarship Application by midnight on December 1.
To access the scholarship application, students will log in to their NWU application account (see step 2 above).",Huge Scholarship Application,12/1 each year,(1) Full Ride Scholarship to Nebraska Wesleyan University,,UNKNOWN,b7eb9051-edb0-4ee1-aee1-10d7abb5f17f.xlsx:Resource 1
b40360bb,Empower Manufacturing Scholarship for 11th Graders by Powerblanket,"REQUIREMENTS
• Must attend a high school in Utah
• Must show interest in the manufacturing industry/engineering field
• Must intend to enroll in a postsecondary institution
• Must have a minimum GPA of 3.0

APPLICATION PROJECT
Submit a 500-word essay answering these questions:
• Why are you interested in a manufacturing/engineering career?
• What specific industry are you interested in and why?
• How will you make your mark in that field?",https://completescholarships.scholarshipuniverse.com/student/scholarship/139513?search=true,"Februrary 28, 2023",500.0,,UNKNOWN,9dd796c4-40ff-48da-b5bd-4585393b22f7.xlsx:Resource 2
835258ef,Grand Commandery Knights Templar of South Dakota Scholarship,The Grand Commandery Knights Templar of South Dakota will award several scholarships each year to South Dakota residents who plan to attend a state Technical Institute in South Dakota. Successful candidates are US citizens who will demonstrate financial need and the capability to complete the vocational training program selected. Scholarships will be granted for one year but may be applied for each year for a maximum of three years.,2023 Scholarship Application,2023-04-15 00:00:00,"(multiple) $1,000",,UNKNOWN,b7eb9051-edb0-4ee1-aee1-10d7abb5f17f.xlsx:Resource 1
2980509a,Love Your Career Scholarship,"You must be a student enrolled in an accredited college or University located in the United States.

If you are applying for the winter scholarship, you must be enrolled for classes during that winter semester.

If you are applying for the fall scholarship, you must be enrolled for classes during that fall semester.

You must follow all of the essay requirements and submission requirements outlined above in order to qualify.",https://www.jonestshirts.com/pages/scholarship,2023-09-10 00:00:00,1000.0,,UNKNOWN,9dd796c4-40ff-48da-b5bd-4585393b22f7.xlsx:Resource 2
91805612,Big Future Scholarship,"Must attend a public, private, or home school, located in one of the fifty (50) United States, the District of Columbia, Puerto Rico, the U.S. Virgin Islands, Guam, American Samoa, the Northern Mariana Islands, or any other U.S. territories and possessions, or are U.S. Citizens or residents who attend a U.S. Department of Defense Education Activity (“DoDEA”) school outside of the United States and U.S. territories.",https://bigfuture.collegeboard.org/pay-for-college/bigfuture-scholarships?excmpid=oc487-st-09-ss,2023-09-30 00:00:00,40000.0,,UNKNOWN,b7eb9051-edb0-4ee1-aee1-10d7abb5f17f.xlsx:Resource 1
a71bd87d,S.C.W. DREAMers,"Scholarships are open to high school seniors or a recent graduate seeking a degree nationwide. DREAMers Requirements -immigrant under the age of 25, entered the US before age 16, lived continuously in the country for the last five years, have not been convicted of a felony, a ""significant"" misdemeanor, or three other misdemeanors. Applicant must plan to attend college next fall and have a minimum GPA of 3.0.",DREAMers Scholarship Application,2023-04-15 00:00:00,2500.0,,UNKNOWN,b7eb9051-edb0-4ee1-aee1-10d7abb5f17f.xlsx:Resource 1
df99bdbd,Annual Louise W Pilgrim (LWP) Scholarship,"Be a US citizen or legal permanent resident.

Intend to be registered with full-time hours as a student.

Be a high school senior or be currently enrolled at an accredited college or university as an undergraduate or graduate student (specifications vary for each scholarship).

*Students who are currently taking a gap year that will enroll for the fall are eligible to apply.
Have a minimum GPA score of 3.0.",https://app.goingmerry.com/scholarships/annual-louise-w-pilgrim-lwp-scholarship/14686,2023-05-01 00:00:00,Varies,,UNKNOWN,9dd796c4-40ff-48da-b5bd-4585393b22f7.xlsx:Resource 2
9631f209,AITP Omaha Scholarships,"Scholarship opportunity to help further the education of students who are planning to attend or continuting to attend a college, university, community college, or technical school in Nebraska, Iowa, Missouri, Kansas, North Dakota, or South Dakota, with the goal of achieving an associate's or bachelor's degree in Information Systems, Information Technology, Computer Science, Cybersecurity or a related field.",http://www.aitpomaha.com/scholarship-information.html,2022-06-01 00:00:00,Several,,UNKNOWN,b7eb9051-edb0-4ee1-aee1-10d7abb5f17f.xlsx:Resource 1
1730d2ef,AGC of SD HHU Chapter Scholarships,The AGC of SD Highway-Heavy-Utilities Chapter is committed to providing scholarships for students pursuing a career in a construction-related education program at a college/university or technical institute. Eligible applicants must have a desire to pursue a highway-heavy-utilities construction career and be sponsored by an AGC member. Email: margaret@sdagc.org if you need assistance in finding a sponsor.,buildsouthdakota.com/scholarships,2022-05-02 00:00:00,Multiple Scholarships Available,,UNKNOWN,b7eb9051-edb0-4ee1-aee1-10d7abb5f17f.xlsx:Resource 1
70d5b22e,Chad Garrow Scholarship,"Eligibility Requirements:
Applicant must be a graduating senior BV athlete who has participated in at least two sports for at least two years. Include two letters of recommendation (one from a coach and one from a person other than a coach) that speak to your character and contributions.
Essay Requirements
• 250 words
• Write about your goals in life, including any reasons for particular need for aid.",Chad Garrow Scholarship Application,2023-03-31 00:00:00,500.0,,UNKNOWN,b7eb9051-edb0-4ee1-aee1-10d7abb5f17f.xlsx:Resource 1
861f425f,Elks Legacy Award,"For the 2023 contest, any child or grandchild (or step-child, step-grandchild, or legal ward) of a living Elk who joined the order on or before April 1, 2020, or a charter member of a Lodge that was instituted on or after April 1, 2020, is eligible to apply. The Elk must also be a paid-up member through March 31, 2023. Great-grandchildren are not eligible.
The applicant must be a high school senior.",https://www.elks.org/scholars/scholarships/legacy.cfm,2023-02-06 00:00:00,4000.0,,UNKNOWN,b7eb9051-edb0-4ee1-aee1-10d7abb5f17f.xlsx:Resource 1
c819f52b,Daughters of America: Patriots of the American Revolution DAR High School Essay Contest,"BY RECCOMENDATION ONLY. Students will be asked to discuss how their chosen Patriot contributed to the founding of the nation. These Patriots may be one of our famous Founders, or an everyday man, woman, or child who supported the American Revolution in ways both large or small. We hope that this wide topic area will allow students to choose individuals who capture their imagination and interest.",https://blog.dar.org/patriots-american-revolution-dar-high-school-essay-contest,2023-11-08 00:00:00,Varies,,UNKNOWN,9dd796c4-40ff-48da-b5bd-4585393b22f7.xlsx:Resource 2
0a461833,South Dakota Farmers Union Foundation Scholarship,"Eligibility Criteria:
Current member of South Dakota Farmers Union
Senior in high school planning to attend or a current freshman at a SD post-secondary institution.

Any late or incomplete applications will not be reviewed.
Applicants can only win once, past winners are not eligible.
Winners will be announced in early December. All applicants will receive an email in regards to who is selected.",https://www.sdfu.org/education/scholarships,2023-11-01 00:00:00,500.0,,UNKNOWN,b7eb9051-edb0-4ee1-aee1-10d7abb5f17f.xlsx:Resource 1
6474dd22,First District Development Company Scholarship,"To be eligible for a First District Development Company scholarship, you must meet all of the following criteria:
• Be a U.S. citizen
• Be a high school senior attending a South Dakota High School
• Be accepted into a business/finance program at an accredited, post-secondary
institution in South Dakota
• Have a cumulative grade point average of 3.5 or greater, calculated on a 4.0 grading
scale",2023 FDDC Scholarship,2023-03-31 00:00:00,"(5) $1,000",,UNKNOWN,b7eb9051-edb0-4ee1-aee1-10d7abb5f17f.xlsx:Resource 1
be4a78f1,Big Idea: What's Your Big Idea?,"To promote entrepreneurship, spur creative thinking, and encourage students to start a business.
A business idea competition for any high school student (9-12).
A 1,075-word description of a business idea
An optional Marketing Design competition which includes a logo and ad for their idea
An opportunity to learn about business concepts and entrepreneurship
A chance to win cash and scholarships",www.BIGIdeaSD.com,2023-10-31 00:00:00,Varies,,UNKNOWN,b7eb9051-edb0-4ee1-aee1-10d7abb5f17f.xlsx:Resource 1
687cd441,Foundation 649 Scholarship,"Requirements:
Be a degree-seeking, full-time student enrolling in a U.S. accredited university in Fall 2023 as a Freshman or transferring from a community college
Identify as Asian American / Pacific Islander
Have a track record of involvement and interest in AAPI communities, issues, or causes
Have demonstrated financial need for the scholarship
Be a US citizen, resident or foreign national",https://foundation649.com/,2023-03-01 00:00:00,"(5) $4,000 over the course of 4 years",,UNKNOWN,b7eb9051-edb0-4ee1-aee1-10d7abb5f17f.xlsx:Resource 1
f6a57f96,Big Sun Athletics Scholarship,The BigSun Organization is proud to be able to help young athletes succeed in their academic pursuits. In order to do our part we are offering an annual scholarship to a deserving student. All student athletes are eligible regardless of the sport they are engaged in or the capacity in which they participate. The student must be a high school senior or be attending a post secondary institute.,http://www.bigsunathletics.com,2024-06-19 00:00:00,500.0,,UNKNOWN,b7eb9051-edb0-4ee1-aee1-10d7abb5f17f.xlsx:Resource 1
be8cd901,Morris & Edith Magnuson Scholarship,Eligibiligy Requirements: Must be a student graduating in the spring from Brandon Valley High School and attending college in the fall of 2023. The following will be considered in this order- 1. Student Need 2. Intention of majoring in education 3. academics Student must fill out application and submit essay. Submission can be turned in or emailed to Ms Likness at Kara.Likness@k12.sd.us,Morris & Edith Magnuson Application,4/21/23 Deadline extended to: 4/26,500.0,,UNKNOWN,b7eb9051-edb0-4ee1-aee1-10d7abb5f17f.xlsx:Resource 1
246981a8,Mindscape Big Picture Scholarship,"This scholarship is open to all students who have a deep curiosity in studying the universe for its own sake—whether that be pursuing studies in physics, philosophy, biology, mathematics, literature, or any other field that seeks better understanding of our existence—and will seek to lift up those from underrepresented communities in those fields, and first-generation college students.",https://bold.org/scholarships/mindscape/#ref=best-scholarships,2023-12-15 00:00:00,10000.0,,UNKNOWN,b7eb9051-edb0-4ee1-aee1-10d7abb5f17f.xlsx:Resource 1
696294cb,LULAC Honors Awards,"Honors Awards ($500 to $2,000): GPA of 3.0 or better on a 4.0 scale or equivalent, and if the student is an entering freshman, 23 or higher on the ACT test, or 1100 or higher on the SAT test.GPA ≥ 3.00
Education Level High School - Class of 2021, Community College, College (4-year)
Ethnicity:Hispanic or Latino
Standardized Tests SAT 2016
≥ 1100 - Total Score
ACT
≥ 23 - Composite Score",https://app.goingmerry.com/scholarships/lulac-honors-awards/7638,2023-03-31 00:00:00,"$500 - $2,000",,UNKNOWN,9dd796c4-40ff-48da-b5bd-4585393b22f7.xlsx:Resource 2
080e280b,Hispanic Heritage Youth Awards,"To be considered, students must meet the following criteria:
Be currently enrolled in high school and graduating in the spring of 2023,
Must have a minimum unweighted 3.0 GPA on a 4.0 scale,
Must enroll at an accredited higher education institution in 2023-2024
Be of Hispanic heritage (includes Spain, Brazil, Philippines)
If selected, attendance at the virtual ceremony is mandatory",https://hhfawards.hispanicheritage.org/2023/forms/welcome.php,2022-11-13 00:00:00,4000.0,,UNKNOWN,b7eb9051-edb0-4ee1-aee1-10d7abb5f17f.xlsx:Resource 1
bfbd8f58,Ourbookhive.com Scholarship,"Applicants must complete a minimum of 5 short book reviews on Ourbookhive.com . These reviews can be about any books you read as a child and should include information that will help others determine if this is a book they may want to read. Answer the question, ""What book influenced you the most as a child and why?"" 250 words or less. Applicants must be between 14 - 22 years old.",https://ourbookhive.com/scholarship-fund,2023-10-28 00:00:00,500.0,,UNKNOWN,9dd796c4-40ff-48da-b5bd-4585393b22f7.xlsx:Resource 2
a98bb4d0,SME Education Foundation,"Canada and US! Variety of scholarships - Basic criteria:

Must be a permanent resident or citizen of the United States or Canada.
Must have minimum of 2.0/4.0 GPA or higher.
Must be on a path toward an associate, bachelor’s or graduate degree in manufacturing engineering, technology, or closely related field at an accredited college or university in the United States or Canada.",https://www.smeef.org/sme-education-foundation-scholarships/scholarship-opportunities/?gclid=CjwKCAjwhdWkBhBZEiwA1ibLmAb5PU2JMfndnKmO5bOeIqYuV7eK_boB7DOSWudXDneTtmNWhsVvghoC5tQQAvD_BwE,Opens November 1st,Varies,,UNKNOWN,9dd796c4-40ff-48da-b5bd-4585393b22f7.xlsx:Scholarship Main
58029dab,PCSD Concurrent Enrollment Scholarship,"Eligibility:
Must be a senior
Must have completed at least 12 concurrent enrollment credits.
First consideration will be to first-generation students (parents did not obtain a bachelor’s degree or higher in the U.S.)
Enrolling in a trade school, community college, or 4-year university after senior year
Open to: U.S. Citizens, Residents, DACA recipients & Undocumented students",,2023-04-01 00:00:00,Varies,,UNKNOWN,9dd796c4-40ff-48da-b5bd-4585393b22f7.xlsx:Resource 2
cba5f105,Mattress Nerd Sustainability Scholarship,"Any senior including DACA may apply, 500-1000 word essay on the following 3 questions: 1. What choices can we make as consumers to better our carbon footprints? 2. what reuse and recycle innovations do you think are leading the change in business environmental conscientoiousness? 3. What have you altered about your own day-to-day life to reduce your own environmental impact?",https://www.mattressnerd.com/scholarship/,2023-04-01 00:00:00,1000.0,,UNKNOWN,9dd796c4-40ff-48da-b5bd-4585393b22f7.xlsx:Resource 2
64fa912b,The Paradigm Challenge,"Must be no older than 18 years at the time of submission.

You may work in a team or alone in creating an original and creative way to help solve real-life problems in homes, schools, communities, and/or around the world.

Entries may come in the form of posters, videos, inventions, messages, community events, websites, mobile apps, or anything else that will help save lives",https://app.goingmerry.com/scholarships/the-paradigm-challenge/16534,2023-05-01 00:00:00,"up to $100,000",,UNKNOWN,9dd796c4-40ff-48da-b5bd-4585393b22f7.xlsx:Resource 2
7261aa65,Carl N. and Margaret Karcher Founders' Scholarship Program,"Students, age 21 and under, who reside in Alaska, Arizona, California, Colorado, Hawaii, Idaho, Louisiana, Nevada, New Mexico, Oklahoma, Oregon, Texas, Utah, Washington or Wyoming.
High school seniors or graduates, who plan to enroll for the first time in full-time undergraduate study at an accredited or four-year college or university for the entire upcoming academic year.",https://learnmore.scholarsapply.org/karcherfounders/,Opens in January,Varies,,UNKNOWN,9dd796c4-40ff-48da-b5bd-4585393b22f7.xlsx:Resource 2
e567919a,The Restoration of Sight & Health Scholarship,"Dakota Lions Sight & Health is proud to announce the avaialability of scholarships to students in our region. Qualified applicants must be pursuing an education in a field related to the Mission of Dakota Lions Sight & Health and attending a. post-secondary educational institution (university, college, technical school, etc.) in the states of South Dakota or North Dakota.",https://dakotasight.org/undergraduate-scholarship/,2023-04-30 00:00:00,"$1,000 to an undergraduate student in South Dakota and $1,000 scholarship to an undergraduate student in North Dakota",,UNKNOWN,b7eb9051-edb0-4ee1-aee1-10d7abb5f17f.xlsx:Resource 1
9580867e,"KANOSKI BRESNEY
STAND UP TO DISTRACTED DRIVING SCHOLARSHIP","You are a high school senior who will be starting your college or university education in Spring 2023.
You are a U.S. citizen.
You have a current overall GPA of at least 3.0. How has distracted driving affected your life? What ideas do you have to raise awareness of the dangers of distracted driving and prevent this behavior among young drivers? (1000 words)",https://www.kanoski.com/community-involvement/distracted-driving-scholarship,2023-11-29 00:00:00,1000.0,,UNKNOWN,9dd796c4-40ff-48da-b5bd-4585393b22f7.xlsx:Resource 2
2e2e1510,"L.G. Everist, Inc. Scholarship","Eligibility:
•Graduating Senior
•Strong Interest in Mechanical/Technical Training

Scholarship Requirements:
•Willing to attend two years of tech school
•Letter of recommendation from a teacher or employer
•Must submit a brief paragraph telling why you would like to be considered for award
•Applications must be post marked or emailed on or before April 30th.",https://www.lgeverist.com/pdf/scholarshipInfo.pdf,04/30 each year,1000.0,,UNKNOWN,b7eb9051-edb0-4ee1-aee1-10d7abb5f17f.xlsx:Resource 1
a57b8892,"The Gold Law Firm
Challenge Yourself Scholarship","How has participation in activities such as scouts, acting, debate, and/or speech helped you get through difficult periods of your life, build leadership skills, or prepared you for success in the future? The student must also hold citizenship or permanent residency within the United States and be at least 17 years of age upon applying for the scholarship.",https://www.thegoldlawfirm.net/scholarship,2023-01-05 00:00:00,1000.0,,UNKNOWN,9dd796c4-40ff-48da-b5bd-4585393b22f7.xlsx:Resource 2
daf92e70,Don't Text & Drive Scholarship,"You must be a high school freshman, sophomore, junior, or senior or a current or entering college or graduate school student of any level. Home schooled students are also eligible. There is no age limit. You must also be a U.S. citizen or legal resident. Complete application. Finalists will need to write a 500-1,000 word essay about texting while driving.",http://www.digitalresponsibility.org/dont-text-and-drive-scholarship,2023-09-30 00:00:00,1000.0,,UNKNOWN,b7eb9051-edb0-4ee1-aee1-10d7abb5f17f.xlsx:Resource 1
c6704951,No Essay ‘You Deserve It’ Scholarship,"Must be at least 16 years of age and a resident of any of the 50 United States, District of Columbia or US Territories (except for Rhode Island and Michigan). Additionally, you must either be enrolled now, or will be enrolled within three months of applying for the scholarship, in a qualified high school, college or university within the United States.",https://scholarshipowl.com/awards/you-deserve-it-scholarship?transaction_id=102edeb8aa560215ba9c7f7d68eb2e&offer_id=24&affiliate_id=1677&aff_sub=&aff_sub2=&aff_sub3=&aff_sub4=&aff_sub5=,Monthly,2222.0,,UNKNOWN,9dd796c4-40ff-48da-b5bd-4585393b22f7.xlsx:Resource 2
0d37e342,KPMG Future Leaders Program for Senior Girls,"Applicant criteria includes:
o High school senior girl planning to enroll in a 4-year undergraduate program for the upcoming fall semester
o Demonstrate a significant financial need
o Proven track record of academic excellence and leadership potential
o Minimum 3.5 cumulative GPA
o Interest in a business or STEM academic track
o Active in the community",KPMG Application,2023-02-01 00:00:00,"$10,000 annual scholarship for 4 years",,UNKNOWN,b7eb9051-edb0-4ee1-aee1-10d7abb5f17f.xlsx:Resource 1
9a3aef29,Showplace Scholarship,"Applicant must be a son or daughter of a full-time regular employee with a minimum of six months employment, AND applicant must be classified as a full-time student in their freshman, sophomore or junior year during time of appilcation process, AND applicant must be classified as a full-time sophomore, junior, or senior at the time funds are disbursed.",Showplace Scholarship Application,2023-04-30 00:00:00,(10) $500,,UNKNOWN,b7eb9051-edb0-4ee1-aee1-10d7abb5f17f.xlsx:Resource 1
1db3d8df,Dr. Dale A. Gibson Oral Health Scholarship,"SCHOLARSHIP CRITERIA: (determined by donor)
1. Pursuing a Dental Assisting degree at Lake Area Technical Institute
2. Intent to remain in South Dakota after graduating from Lake Area Technical Institute
3. Strong academic qualifications
4. First preference goes to candidates from South Dakota
5. Second preference to those with a greater financial need",Dale A. Gibson Oral Health Application,04/15 each year,Varies,,UNKNOWN,b7eb9051-edb0-4ee1-aee1-10d7abb5f17f.xlsx:Resource 1
cd23ccf9,Unigo: Zombie Apocalypse,"14 years or older, US Legal Resident, Essay of 250 words or less on: ""Imagine that your high school has been overrun with zombies. Your Math teacher, the cafeteria ladies, and even your best friend have all joined the walking dead. Flesh out a plan to avoid the zombies, including where you'd hide and the top five things you'd bring to stay alive.""",https://www.unigo.com/scholarships/our-scholarships/zombie-apocalypse-scholarship,2023-10-31 00:00:00,1500.0,,UNKNOWN,9dd796c4-40ff-48da-b5bd-4585393b22f7.xlsx:Resource 2
cfc5d13b,Brigham Young Granddaughters Association Scholarship,"Submission requirements must include the following:

· Title Page with name of applicant

· Essay of 800-1000 words

· Current GPA

· Proof of acceptance to a College or University for Fall 2023

· Family tree showing genealogy of applicant to Brigham Young

· Letter of reference from another dues paying member of BYGA

· Achievements/Volunteering",https://www.brighamyounggranddaughters.org/scholarship,2023-04-15 00:00:00,1000.0,,UNKNOWN,9dd796c4-40ff-48da-b5bd-4585393b22f7.xlsx:Resource 2
98eb56e5,RealtyHop Scholarship,"High school senior, Essay under 500 words on ""COVID-19 has drastically impacted the world and will continue to change how society views our home as a place of living, working, and studying. As you reflect on the global pandemic and the beginning of your professional life, tell us what you would like to start doing, stop doing, and keep on doing.""",https://www.realtyhop.com/resources/scholarship,2023-08-31 00:00:00,2 awards of $1000,,UNKNOWN,9dd796c4-40ff-48da-b5bd-4585393b22f7.xlsx:Resource 2
922e93f5,Code Wizards HQ Educational Scholarship,"High school senior, 3.5 GPA - Priority to STEM majors, completed FAFSA Application, Letter of recommendation. 600 word essay on, ""Beyond needing financial support, why do you deserve this scholarship?"", resume, unofficial transcript, (Iptional short video - less than 2 minutes, about your need and how can this scholarship help you get ahead.",https://codewizardshq.com/scholarship/,2023-05-01 00:00:00,2500.0,,UNKNOWN,9dd796c4-40ff-48da-b5bd-4585393b22f7.xlsx:Resource 2
c22f1511,VFW Voice of Democracy,"Open to students in grades 9-12 who are enrolled in a public, private or parochial high school or home study program in the US or dependents of US military or civilian personnel in overseas schools. Record your original 3-5 minute audio essay and submit the recording, typed essay and copmleted entry form to your local VFW Post for judging.",VFW Voice of Democracy Scholarship,2023-10-31 00:00:00,35000.0,,UNKNOWN,b7eb9051-edb0-4ee1-aee1-10d7abb5f17f.xlsx:Resource 1
99663614,American Legion: Baseball Scholarship,"Attach a copy of his official high school transcript.
• Have graduated from high school.
• Be on a current roster (American Legion National
Baseball Electronic Registration Form) filed with National
Headquarters.
• Be part of a team affiliated with an American Legion post.
• Have three letters of testimony attached to application.",https://www.legion.org/scholarships/baseball,2023-07-15 00:00:00,Varies,,UNKNOWN,9dd796c4-40ff-48da-b5bd-4585393b22f7.xlsx:Resource 2
b39debd0,The Places You Go,"Eligibility
The scholarship is open to any current high school senior, college student or graduate student who is a legal resident of the United States residing in one of the 50 states or the District of Columbia.
Candidates for this scholarship should have a minimum GPA of 3.0 or higher and be in good overall academic standing.",https://www.afbfamilylaw.com/2023-the-places-you-go-scholarship/,"Februrary 28, 2023",Varies,,UNKNOWN,9dd796c4-40ff-48da-b5bd-4585393b22f7.xlsx:Resource 2
90e586bd,Christensen and Hymas General Scholarship,"You must be currently enrolled in or have been accepted to (and planning to attend) a University or College in the United States, You must have a cumulative GPA of 3.5 or higher, Cumulative GPA of the current or most recent secondary education program you have attended, You are required to submit a transcript verifying your GPA.",More information to come,Varies,1000.0,,UNKNOWN,b7eb9051-edb0-4ee1-aee1-10d7abb5f17f.xlsx:Resource 1
81905b32,Good Father Augustus Tolton Scholarship at Mount Marty University,"Qualifications:
Must plan to attend Mount Marty University. Cumulative unweighted high school or college GPA of 3.2 or higher.
Not participating in athletics at Mount Marty.
Be willing to actively participate in diversity, equity, and inclusion initiatives at Mount Marty.
Submitted your application for admission to Mount Marty.",Scholarship details & Application,2023-01-15 00:00:00,4000.0,,UNKNOWN,b7eb9051-edb0-4ee1-aee1-10d7abb5f17f.xlsx:Resource 1
bfef87fe,Young American Creative Patriotic Art Contest,"Any student in grades 9-12 who is enrolled in a public, private or parochial high school or home study program in the US or dependents of US military or civilian personnel in overseas schools. Student must be a US citizen or US national. Digital art, photography and jewelry are NOT ACCEPTED. For more requirements click on link.",https://vfwauxiliary.org/scholarships/young-american-creative-patriotic-art-contest/,2023-03-31 00:00:00,"Varies up to $33,000",,UNKNOWN,b7eb9051-edb0-4ee1-aee1-10d7abb5f17f.xlsx:Resource 1
60b2ba40,South Dakota Engineering Society Scholarship (Eastern Chapter Scholarships),Applicants should be high school seniors and must be planning on attending an engineering program at either South Dakota School of Mines and Technology or South Dakota State University. Applicants must have attended a high school in the Eastern Chapter area. The Eastern Chapter’s Scholarship Committee chooses the recipients.,http://www.sdes.org,2024-01-20 00:00:00,2000.0,,UNKNOWN,b7eb9051-edb0-4ee1-aee1-10d7abb5f17f.xlsx:Resource 1
d44f296d,David & Dovetta Wilson Foundation Scholarship,"HS senior engaged in academic excellence, civic and religious acts of service and able to demonstrate a commitment to use their education to give back to local, state and national communities. US Citizen or legal resident, plan to attend an accredited college or university. Submission requirements are listed on the website.",http://wilsonfund.org/apply/,2023-03-01 00:00:00,9 awards up to $1000,,UNKNOWN,9dd796c4-40ff-48da-b5bd-4585393b22f7.xlsx:Resource 2
1b79b6b3,National Honor Society (NHS) Scholarship Program,"To be eligible for this award, you must:
be a high school senior enrolled at a school that has an active chapter of NHS; and
be a member of the National Honor Society in good standing, An NHS student account holder, verified by the NHS chapter adviser.
Planning to pursue a degree at an accredited U.S. college or university.",https://www.nhs.us/students/the-nhs-scholarship/,11/30/23 by 5pm,Awards vary,,UNKNOWN,b7eb9051-edb0-4ee1-aee1-10d7abb5f17f.xlsx:Resource 1
093e9654,Graf Orthodontics Scholarship,"Senior students who have been a Graf Orthodontics Patient. Write an original 1,000 word essay on our theme: ""The Gift of a Smile""
Email your essay, along with the entrance application (see attachment) and a senior photo to: orthoteam@briangrafortho.com
Or
Bring all three items into our office:
419 N Orem Blvd
Orem UT 84057",Application available in the CCC OR http://www.briangrafortho.com/patient/scholarships,2023-03-15 00:00:00,1000.0,,UNKNOWN,9dd796c4-40ff-48da-b5bd-4585393b22f7.xlsx:Resource 2
42d455e2,Ardell Bjugstad Scholarship Program for Native American High School Seniors,"Eligibility Requirements:
 Enrolled member of a federally recognized Indian tribe whose reservation is located in South
Dakota or North Dakota
 Resident of South Dakota or North Dakota
 Demonstrated academic achievement
 High school senior planning to earn a degree in agriculture or natural resources or a related field",Ardell Bjugstad Scholarship Application,2023-02-25 00:00:00,500.0,,UNKNOWN,b7eb9051-edb0-4ee1-aee1-10d7abb5f17f.xlsx:Resource 1
b531f481,DAR General Scholarship Opportunities,"All applicants must be citizens of the United States and must attend or plan to attend an accredited college or university in the United States. DAR chapter sponsorship is not required; however, a chapter or state chairman may work with the applicant to put the information together to send to the DAR Scholarship Committee.",https://www.dar.org/national-society/scholarships/general-info,2024-01-31 00:00:00,Varies,,UNKNOWN,b7eb9051-edb0-4ee1-aee1-10d7abb5f17f.xlsx:Resource 1
dc051f35,Education Matters Scholarship,"High school senior with 3.0 GPA or higher, current resume, HS transcript, 1000 word essay on ""Discuss the strengths and weaknesses of the American Education System based on your own experiences. Include realistic ways in which the system could be improved and explain how and why it would benefit a wide range os students.""",https://roachlawoffice.com/2022-education-matters-scholarship/,2023-03-01 00:00:00,1000.0,,UNKNOWN,9dd796c4-40ff-48da-b5bd-4585393b22f7.xlsx:Resource 2
a684f0c3,Equality Utah & Jeff Green LGBTQ and Allied Student Scholarship,"Students who meet the requirements may apply at any time during or before their higher education experience. To remain eligible for the scholarship, recipients must:
- Remain enrolled full-time (at least 12 credits a semester)
- Maintain a 2.0 GPA
- Participate in the Equality Utah Membership Program while receiving funds","https://www.equalityutah.org/scholarships#:~:text=Equality%20Utah%20%26%20Jeff%20Green%20LGBTQ,sexual%20orientation%20or%20gender%20identity.",2023-05-01 00:00:00,Varies,,UNKNOWN,9dd796c4-40ff-48da-b5bd-4585393b22f7.xlsx:Resource 2
b23e79d2,The Linda S. Montross New Latin Educators Scholarship,"The National Latin Exam is excited to continue its New Latin Educators Scholarship. In keeping with the spirit of inspiring young people to enter the teaching profession, the NLE will award up to 10 $2000 scholarships in 2023 to high school seniors, college students, or students enrolled in a master’s degree program.",https://docs.google.com/forms/d/e/1FAIpQLSdk9VOHA2EiSZpgcLutop2iklPTCr9T8Tekstvgl4TCfDcAYQ/viewform?c=0&w=1,"Feburary 15, 2023",2000.0,,UNKNOWN,9dd796c4-40ff-48da-b5bd-4585393b22f7.xlsx:Resource 2
b36f5060,College Jumpstart Scholarship,"The College JumpStart Scholarship is an annual, merit-based competition -- financial need is not considered -- that is open to 10th-12th graders, college students and non-traditional students. The main requirement is that you are committed to going to school and can express your goals for getting a higher education.",https://www.jumpstart-scholarship.net/,2023-10-17 00:00:00,1000.0,,UNKNOWN,9dd796c4-40ff-48da-b5bd-4585393b22f7.xlsx:Resource 2
ee62d905,NFU Foundation’s Stanley Moore Scholarship,"Open to Farmers Union members and their children. High school seniors, college students or nontraditional students seeking
funding to attend a two -- or four -- year accredited college or university or technical school for any area of study. (Scroll to bottom of website link for more information and application.)",https://sdfu.org/education/youth-programs/scholarships/,2023-04-01 00:00:00,"(1-2) $1,000-$2,000",,UNKNOWN,b7eb9051-edb0-4ee1-aee1-10d7abb5f17f.xlsx:Resource 1
2cdae95c,Voice of Democray Audio Essay,"The Voice of Democracy Program is open to students in grades 9-12
enrolled by the Oct. 31 deadline in public, private, parochial school, or
home study program in the U.S., its territories or its possessions.
Dependents of U.S. military or civilian personnel in overseas schools are
also eligible to participate.",https://www.vfw.org/community/youth-and-education/youth-scholarships,2023-10-31 00:00:00,"$1,000-$30,000",,UNKNOWN,9dd796c4-40ff-48da-b5bd-4585393b22f7.xlsx:Resource 2
85830350,Insuring A Brighter Tomorrow Scholarship,"Eligibility:
South Dakota high school seniors seeking funds to attend a South Dakota college, university, or technical school.
Open to Farmers Union Insurance Policyholders, South Dakota Farmers Union Members, or a Participant in any South Dakota High School Activities Association (SDHSAA) sanctioned activity.",,2021-03-01 00:00:00,"(25) $1,000",,UNKNOWN,b7eb9051-edb0-4ee1-aee1-10d7abb5f17f.xlsx:Resource 1
af15c411,Beauty and Wellness Professionals Scholarship,"Current students actively enrolled in or applying to an accredited beauty-related program, such as cosmetology school or esthetician school, or another eligible beauty and wellness degree program
Part-time students in such programs
May be used for all educational expenses, including tuition, books, and housing",https://www.beautyschoolsdirectory.com/cosmetology-school-scholarships,2023-03-01 00:00:00,2500.0,,UNKNOWN,b7eb9051-edb0-4ee1-aee1-10d7abb5f17f.xlsx:Resource 1
632d5b22,Joseph James Morelli Scholarship,Seniors going into a STEM field of study in their post secondary education. This means they can be attending a technical college going for a certification or 2 year degree. This scholarship is for a student who has a demonstrated learning disability of dyslexia or similar reading or language based disability.,https://morelli.foundation/scholarship-applications.htm?utm_source=sendgrid.com&utm_medium=email&utm_campaign=website,2023-02-28 00:00:00,"up to $2500 and can go towards tuition, books, tutoring or assistive technology",,UNKNOWN,9dd796c4-40ff-48da-b5bd-4585393b22f7.xlsx:Resource 2
effb4e61,Innovation in Education Scholarship,"Eligibility: Open to any high school or college student within the U.S. or Canada with a cumulative GPA of 3.0+.

Submit: Online application, letter of recommendation, self-photo, and an essay describing the goal of the particular project and provide supporting documentation (no min or max word/page count).",https://www.latutors123.com/scholarships/innovation-in-education/,Monthly,500.0,,UNKNOWN,9dd796c4-40ff-48da-b5bd-4585393b22f7.xlsx:Resource 2
2033985c,Washington Crossing Foundation Scholarship,"high school senior entering college Fall 2021 planning a career in government service. US Citizen, 1 page essay stating why he/she is planning a career in government service, including any inspriation that can be derived from the leadership of George Washington in his famous crossing of the Delaware River.",https://www.gwcf.org/scholarship,2023-01-15 00:00:00,39 awards of up to $5000,,UNKNOWN,9dd796c4-40ff-48da-b5bd-4585393b22f7.xlsx:Resource 2
86b2814e,Unigo: Big Things Come In Small Packages,"14 years or older, Legal US Resident. 250 Words or less essay on ""Not every gift has to be expensive or extravagant. In fact, sometimes it's the sweet and simple things that make a real difference in our lives. Think back and tell us about something you received as a gift and why it meant so much to you.""",https://www.unigo.com/scholarships/our-scholarships/sweet-and-simple-scholarship,2023-02-28 00:00:00,1500.0,,UNKNOWN,9dd796c4-40ff-48da-b5bd-4585393b22f7.xlsx:Resource 2
108a73ac,"Celebrate the West, High School Art Contest","Entrants from WGA member states will create original two-dimensional artwork inspired by their state or informed by living in the West. Students may draw ideas from a variety of sources, including state history, landmarks, natural resources, National Parks and Monuments, people, communities, and culture.",https://app.goingmerry.com/scholarships/celebrate-the-west-high-school-art-competition/7032?utm_source=sendgrid&utm_medium=email&utm_campaign=counselor-scholarship-digest&utm_content=unregistered-counselors,2023-04-30 00:00:00,Varies,,UNKNOWN,9dd796c4-40ff-48da-b5bd-4585393b22f7.xlsx:Resource 2
4d5c69a1,Mike Rowe Work Ethic Scholarship program,"Enroll in an approved 2 year college or technical program.
Sign the S.W.E.A.T. Pledge.
Answer 4 questions about the S.W.E.A.T. Pledge.
Make a video.
Have 2 solid references from a teacher or boss.
Verify your school costs.
Provide high school or college transcript.
Submit your most recent 1040 tax form.",https://www.mikeroweworks.org/scholarship/,2023-04-12 00:00:00,"$1,000,000 in scholarships",,UNKNOWN,b7eb9051-edb0-4ee1-aee1-10d7abb5f17f.xlsx:Resource 1
ab35efe6,Cooking Up Joy Scholarship,"US Citizen, senior. willing to share a personal recipe or personal take on a recipe. Must submit a photo of the prepared food item and a description of the item along with why the specifi plate was chosen, the ingredients, nad instructions. Student must have a 3.0 GPA and submit an official transcript.",https://budgetbranders.com/scholarship/,2023-08-31 00:00:00,1000.0,,UNKNOWN,9dd796c4-40ff-48da-b5bd-4585393b22f7.xlsx:Resource 2
e1c205f9,Project Management Instutute Scholarship,"To be eligible for this scholarship you must meet the following criteria:
● Utah student attending an accredited Utah High School, College, University, or Trade School (High School
students must be a Junior or a Senior. University Students must be Undergraduate in Freshman,
Sophomore, or Junior year.)",https://projectmanager.org/Scholarship,2023-05-31 00:00:00,Varies,,UNKNOWN,9dd796c4-40ff-48da-b5bd-4585393b22f7.xlsx:Resource 2
d67cf218,Open Door Scholarship,"The scholarship is open to any current high school seniors, college freshmen, and college sophomores residing in one of the 50 states or the District of Columbia and who is enrolled and/or accepted for the 2021-22 school year.
Candidates for this scholarship should have a minimum GPA of 3.0 or higher",https://chadjoneslaw.com/2021-open-door-scholarship/,2023-12-31 00:00:00,1000.0,,UNKNOWN,9dd796c4-40ff-48da-b5bd-4585393b22f7.xlsx:Resource 2
2764bc89,Utah NAME Student Essay Contest 2023,"ALL GRADES! Please write an essay that responds to the following prompt question:

In what ways have you empowered yourself by being connected to your culture, celebrating your identity, and belonging to your community? Or in what ways have you felt isolated and discriminated against your identities?",https://docs.google.com/forms/d/1BaaG857ZqMjEkWKtZbF96myLw1GlAUvO4KvSkaguJoc/edit,2023-02-03 00:00:00,500.0,,UNKNOWN,9dd796c4-40ff-48da-b5bd-4585393b22f7.xlsx:Resource 2
500833ad,Districts Make the Difference: Video Contest,"U.S. High school students grades 9-12 are strongly encouraged to participate in this contest for its educational engagement and scholarship opportunities. Enjoy creating a video and learning about special districts for a chance to win up to $2,000! Suggested Topic for PCSD : CE, CTE and CAPS programs",https://www.districtsmakethedifference.org/video-contest,2023-03-31 00:00:00,2000.0,,UNKNOWN,9dd796c4-40ff-48da-b5bd-4585393b22f7.xlsx:Resource 2
2e9fb3cf,Opportunity to Grow Scholarship,"The scholarship is open to any current high school senior, college student or graduate student who is a legal resident of the United States residing in one of the 50 states or the District of Columbia and who is enrolled in a two to five year post-secondary institution
A minimum GPA is not required",https://familylawyersnewjersey.com/2021-opportunity-to-grow-scholarship/,2023-12-31 00:00:00,1000.0,,UNKNOWN,9dd796c4-40ff-48da-b5bd-4585393b22f7.xlsx:Resource 2
1678bbaa,Pureland Supply Skilled Trades Scholarship,"Senior planning to attend MTEC or other vocational trades school, A 1-page typed essay on how your chosen trade or field is important in today's society and why this is the trade you want to be in. High school transcript, letter of recommendation from non-family member, completed application.",https://www.purelandsupply.com/t-scholarship.aspx,2023-05-01 00:00:00,1000.0,,UNKNOWN,9dd796c4-40ff-48da-b5bd-4585393b22f7.xlsx:Resource 2
4d8e6704,Annis I. Fowler/Kaden Scholarship,"Eligibility Requirements:
 A 3.0 cumulative high school GPA
 First-time entering freshman at BHSU, DSU, NSU or USD in 2023
 Intent to major in Elementary Education *Special consideration is given to students with demonstrated motivational ability, a disability, or who are self-supporting.",Annis Irene Fowler/Kaden Application,2023-02-25 00:00:00,1000.0,,UNKNOWN,b7eb9051-edb0-4ee1-aee1-10d7abb5f17f.xlsx:Resource 1
d7824312,Coach Russ Morrell Memorial Scholarship,"SD high school graduate attending postsecondary institution, attain a minimum of a 3.2 GPA through 7 semesters of high school and must submit as ONE (muli-page) document to: coachmorrellscholarship@gmail.com. *Preference may be given to a student from Burke, Bon Homme or Wagner high schools",Coach Russ Morrell Scholarship Information,03/15 each year,1000.0,,UNKNOWN,b7eb9051-edb0-4ee1-aee1-10d7abb5f17f.xlsx:Resource 1
483114a7,College Coverd Entry Scholarship,"Sign up for emails to get helpful college tips and resources. Eligible students and parents can enter for the chance to win a scholarship. Throughout the year, 12 winners will be randomly selected to receive a $5,000 Discover® Student Loans Scholarship Award to help cover college expenses.",https://scholarship.collegecovered.com/?acmpgn=E_EAW_CSEM_BM_X_BMHS2#/aboutyou,Monthly,15000.0,,UNKNOWN,9dd796c4-40ff-48da-b5bd-4585393b22f7.xlsx:Resource 2
17a26d23,Mattress Advisor Sleep Science Scholarship,"HS Seniors attending school Fall 2021, 800-1000 word essay exploring their personal relationship with sleep health and the impact it's had on their education. The essay should quote from recent studies in the field and explain what resources are available to help reduce poor sleep health.",https://www.mattressadvisor.com/sleep-scholarships/,2023-03-20 00:00:00,1000.0,,UNKNOWN,9dd796c4-40ff-48da-b5bd-4585393b22f7.xlsx:Resource 2
7587df3d,James W. McLamore WHOPPER Scholarship,"Seniors, US Citizen, 3.3 GPA, ACT Composite 25+, students who can demonstrate an active leadership role in community service, athletics, and /or similar co-curricular activity (i.e. student gov., team sports, etc.). Students who demonstrate substantial work experience and financial need.",https://burgerking.scholarsapply.org/information.php,2023-12-15 00:00:00,50000.0,,UNKNOWN,9dd796c4-40ff-48da-b5bd-4585393b22f7.xlsx:Resource 2
8823a839,Science Ambassador Scholarship,"A full–tuition scholarship for a women and non-binary students in science, technology, engineering, or math. Film a three–minute educational video of yourself explaining a STEM topic you're passionate about. You must be a high school senior or an undergraduate college student to apply.",https://www.scienceambassadorscholarship.org/#intro,2023-12-13 00:00:00,Undergraduate tuition expenses paid for up to 4 years,,UNKNOWN,b7eb9051-edb0-4ee1-aee1-10d7abb5f17f.xlsx:Resource 1
fa9a84cc,G2 Overachievers Grant,"Send a handwritten story describing what you or someone you know is doing to be a difference-maker. Share where it happened, how it worked, who it impacted and why it mattered. There’s a 2,500-word maximum for each entry, and you can submit by uploading to our entry page or via mail",https://powertothepen.com/g2overachievers/,2023-12-15 00:00:00,100000.0,,UNKNOWN,9dd796c4-40ff-48da-b5bd-4585393b22f7.xlsx:Resource 2
9268adad,You Deserve It Scholarship,"13 years old, fill out application and submit online. This is a drawing scholarship. Students should be aware they may sell your information causing spam mail. This scholarship is recurring every month. Students who have received this scholarship are no longer eligible to enter.",https://scholarshipowl.com/awards/you-deserve-it-scholarship?transaction_id=1023e96204f203bbe15bc81afa782f&offer_id=24&affiliate_id=1085&aff_sub=&aff_sub2=&aff_sub3=&aff_sub4=&aff_sub5=,Monthly,1000.0,,UNKNOWN,9dd796c4-40ff-48da-b5bd-4585393b22f7.xlsx:Resource 2
7be77317,Dairy Farmers of America Cares Foundation Scholarship,"CRITERIA
Applicant’s commitment and passion for a career in the dairy industry demonstrated through responses to three essay questions
Extracurricular activities, awards, recognition and work experience
Academic achievement
Two letters of recommendation and a recent transcript",https://www.dfamilk.com/careers/students-and-graduates,2024-01-12 00:00:00,"(20) $1,000",,UNKNOWN,b7eb9051-edb0-4ee1-aee1-10d7abb5f17f.xlsx:Resource 1
fde314c6,Safe Cycling Scholarship,"The scholarship is open to any current high school senior, college student or graduate student residing in one of the 50 states or the District of Columbia and who is enrolled for the 2021 school year.
Candidates for this scholarship should have a minimum GPA of 3.0 or higher",https://felixgonzalezlaw.com/2020-safe-cycling-scholarship/,2023-11-30 00:00:00,1 award of $1000,,UNKNOWN,9dd796c4-40ff-48da-b5bd-4585393b22f7.xlsx:Resource 2
fe998210,Inez Taylor Walter Scholarship Fund,"Preference in awarding this scholarship will be given to a student planning on attending a South Dakota or North Dakota college or university in the field of nursing. Application must include a written essay of 750 words or less on ""Why I am choosing nursing as my profession""",Inez Taylor Walter Application,04/01 each year,Varies,,UNKNOWN,b7eb9051-edb0-4ee1-aee1-10d7abb5f17f.xlsx:Resource 1
f1765ca1,GAMMA MU Foundtation Scholarship,"All male students under 35 years of age who (1) identify themselves as gay, (2) are U.S. citizens and (3) will have graduated from high school, or received their GED Certificate, by June of the application year are eligible to apply. Graduate level candidates may also apply.",https://www.grantinterface.com/Home/Logon?urlkey=gammamufoundationscholarship,2023-03-31 00:00:00,"$1,000-2,500",,UNKNOWN,9dd796c4-40ff-48da-b5bd-4585393b22f7.xlsx:Resource 2
e987d5d8,POET Never Satisfied Scholarship,"Open to senior students enrolling for Fall Semester 2022 in any two- or four-year post-secondary school, regardless of major or GPA. Never Satisfied Scholars receive up to $5,000 each, and will have the opportunity to visit the POET Sioux Falls campus during the school year.",https://poet.com/neversatisfied,2023-02-13 00:00:00,"Up to $5,000",,UNKNOWN,b7eb9051-edb0-4ee1-aee1-10d7abb5f17f.xlsx:Resource 1
adc66bdb,Scholastic Art & Writing Awards: Gold Medal Portfolio Award,"This award is for international and U.S. students.
Must be in grades seven through twelve.
Must have an interest in writing or art.
This award is for U.S. and Canadian students. Applicants must be attending a U.S. or Canadian school, or attending an American school abroad.",https://www.artandwriting.org/awards/how-to-enter/,Varies,1000.0,,UNKNOWN,9dd796c4-40ff-48da-b5bd-4585393b22f7.xlsx:Resource 2
21ed9a66,One Refugee Scholarhsip,"Either you or your parents come from a refugee background

Full-time undergraduate student (taking 12-14 credits)

Completed FAFSA application for 2022-23 school year

Resident of Utah or Idaho

College English and math ready

Minimum 2.5 GPA

Highly-motivated, Opens 12/1",https://www.onerefugee.org/apply-now,2023-03-01 00:00:00,Varies,,UNKNOWN,9dd796c4-40ff-48da-b5bd-4585393b22f7.xlsx:Resource 2
8bb3370c,2021 Side Hustlin' Student Scholarship Opportunity,"Senior student , 1000+ word essay about how you are earning extra income on the side of going to school. Topics can include anything from how you started a business, to why you decided to get a job, to how your parents encouraged you to work. See website for more details.",https://thecollegeinvestor.com/18899/side-hustle-student-scholarship-opportunity/,2023-03-31 00:00:00,$100 - $2500,,UNKNOWN,9dd796c4-40ff-48da-b5bd-4585393b22f7.xlsx:Resource 2
28584ff9,LULAC General Awards,"Grades and academic performance will serve as indicators of potential; however, an emphasis may be placed on the individual's motivation, sincerity, and community involvement.High School - Class of 2021, Community College, College (4-year)
Ethnicity: Hispanic or Latino",https://app.goingmerry.com/scholarships/lulac-general-awards/7637,2023-03-31 00:00:00,"$250 - $1,000",,UNKNOWN,9dd796c4-40ff-48da-b5bd-4585393b22f7.xlsx:Resource 2
5b98254d,Common App Scholarship,"To be eligible a student must:
A) Be in Grade 11 or Grade 12
B) Be attending college or university no later than October of 2025.
C) Have achieved a GPA of 2.5 or greater during their last academic year. D) Answer an essay prompt found at the website link application.",https://scholarshipguidance.com/common-app-scholarship-application,2024-02-29 00:00:00,"(3) $2,000",,UNKNOWN,b7eb9051-edb0-4ee1-aee1-10d7abb5f17f.xlsx:Resource 1
dbb49b33,Utah Jazz Scholarship,"High School senior, person of color, preference given to those with demonstrated financial need - regardless of FAFSA eligibility - Preference given to first generation students, Admissions to one of the six listed Utah Universities: BYU, SUU, Weber, U of U, USU, UVU",https://10000degrees.tfaforms.net/4760317,2023-03-01 00:00:00,"Award amount varies per Utah Institution. Tuition, books, fees, room and board for full undergraduate degree.",,UNKNOWN,9dd796c4-40ff-48da-b5bd-4585393b22f7.xlsx:Resource 2
214f8860,Prochnow Foundation Scholarship,"Transcript showing a cumulative high school GPA of at least 3.5
College or trade school acceptance letter
Recommendation letter
Essay of 250-500 words describing your long-term personal and professional goals and how you achieve at a high level with a mental illness",https://app.goingmerry.com/scholarships/prochnow-foundation-scholarship/8712,2023-04-30 00:00:00,1000.0,,UNKNOWN,9dd796c4-40ff-48da-b5bd-4585393b22f7.xlsx:Resource 2
ca11c044,Save a Life Scholarship,"HS senior, going into healthcare or education, provide Transcript. Must be 18. Essay of 750-1000 words explaining your career aspiratioins, how you plan to advance healthcare and/or education through your work and what inspired you to commit yourself to this field.",https://www.onlinecprcertification.net/scholarship.php,2023-05-01 00:00:00,2 awards of $1500,,UNKNOWN,9dd796c4-40ff-48da-b5bd-4585393b22f7.xlsx:Resource 2
57e60126,Engebretson Foundation Scholarship,"Senior with 28 composite ACT and 3.75 GPA, who has completed the FAFSA application and has received their Student Aid Report showing the EFC. Application is online to be filled out then printed and mailed along with teacher recommendations together in one envelope",https://www.engebretsonfoundation.org/application.html,2023-03-01 00:00:00,5000.0,,UNKNOWN,9dd796c4-40ff-48da-b5bd-4585393b22f7.xlsx:Resource 2
7b4f522e,Home Builder Care Foundation Scholarship,"Graduation high school seniors who will be attending a college, university or technical institute and major in a home building industry related field of study. Scholars recipients must reside in the service areas of LIncoln, McCook, Minnehaha or Turner counties.",http://hbasiouxempire.com/care-foundation/scholarships,2023-04-03 00:00:00,"multiple $1,000",,UNKNOWN,b7eb9051-edb0-4ee1-aee1-10d7abb5f17f.xlsx:Resource 1
9ee98d58,"I Have the Spirit, Yes I do!","The scholarship is open to all high school seniors in the United States who will be attending college in 2023 (community college or a 4-year university!)

Applicants must write a short essay (300-500 words or more) to show us how you demonstrate school spirit",https://app.goingmerry.com/scholarships/i-have-spirit-yes-i-do-scholarship-2023/18883,2023-05-01 00:00:00,1500.0,,UNKNOWN,9dd796c4-40ff-48da-b5bd-4585393b22f7.xlsx:Resource 2
ac265130,AMS Minority Scholorships,Underrepresented student populations are eligible for this award through the American Meteorological Society. The AMS provides scholarships through donations made by members of the AMS Giving Program. These are two-year scholarships distributed once per year.,https://www.ametsoc.org/ams/index.cfm/information-for/students/ams-scholarships-and-fellowships/ams-minority-scholarships/,2024-02-01 00:00:00,6000.0,,UNKNOWN,b7eb9051-edb0-4ee1-aee1-10d7abb5f17f.xlsx:Resource 1
cc1d18f6,University of Aftermarket Foundation,"Full time students at an accredited U.S. college or university or an ASE/NATEF Certified post-secondary automotive, heavy duty, or collision repair school
Graduating high school seniors planning to be full time students at any of the above
No GPA requirement",https://automotivescholarships.com/apply-online,2023-03-31 00:00:00,10000.0,,UNKNOWN,9dd796c4-40ff-48da-b5bd-4585393b22f7.xlsx:Resource 2
6d7b4303,The May Firm Scholarship Fund,"What is one traumatic experience you experienced in your life, and how did you overcome it?

Attached to your essay (300+ words), please include a copy of your resume including current GPA as well as what University or community college you are attending.",https://mayfirm.com/scholarship,2023-09-15 00:00:00,1000.0,,UNKNOWN,9dd796c4-40ff-48da-b5bd-4585393b22f7.xlsx:Resource 2
7c39acce,Woods Fuller Scholarship,"REQUIRMENTS:
□ High school senior, attending an accredited post high school educational
institution
□ Have not previously received a Woods Fuller scholarship
□ Reside within the counties of Lincoln or Minnehaha in South Dakota or Sioux or
O’Brien in Iowa.",https://www.woodsfuller.com/latest/scholarshipapplication-2023?rq=scholarship,2023-03-17 00:00:00,"(2) $2,500",,UNKNOWN,b7eb9051-edb0-4ee1-aee1-10d7abb5f17f.xlsx:Resource 1
65b6c526,Garry Family Scholarship,"Must be an incoming freshmen student with a minimum 3.0 GPA overall and have demonstrated leadership in high school and/or community activities, graduating from McCook, Minnehaha or Lincoln county. Complete the ""Academic Scholarship Application"" to apply.",http://www.usd.edu/admissions/freshmen/scholarships,2023-12-01 00:00:00,"(4) $1,000",,UNKNOWN,b7eb9051-edb0-4ee1-aee1-10d7abb5f17f.xlsx:Resource 1
39e7f190,Perry & Doreen Evans Scholarship,"*First preference will be given to students residing in Clark and Codington county.* Student must be in their senior year of high school, have a cumulative GPA of 3.0 or higher, plan to attend a post-secondary college, university, or technical college.",Perry & Doreen Evans Application,2023-03-15 00:00:00,"(4) $5,000 renewable scholarship for a max of four years",,UNKNOWN,b7eb9051-edb0-4ee1-aee1-10d7abb5f17f.xlsx:Resource 1
177343aa,Unigo: What Does the Number Five Mean to You,"14 years or older, Legal US Resident. 250 words or less essay on"" May is the fifth month of the year. Write a letter to the number five explaining why five is important. Be serious or be funny, either way here's a high five to you for being original.""",https://www.unigo.com/scholarships/our-scholarships/fifth-month-scholarship,2023-05-31 00:00:00,1500.0,,UNKNOWN,9dd796c4-40ff-48da-b5bd-4585393b22f7.xlsx:Resource 2
1b3520b4,Atlas Shrugged Essay Contest,": Entrant must be a 12th grader, college undergraduate, or graduate student for any part of the school year in which the contest is held. Contest is open to students worldwide, except where void or prohibited by law.

Submit: 800 – 1,600 word essay.",https://aynrand.org/students/essay-contests/atlas-shrugged/,2023-11-06 00:00:00,"Up to $10,000",,UNKNOWN,9dd796c4-40ff-48da-b5bd-4585393b22f7.xlsx:Resource 2
45ac1736,Society of Hispanic Professional Engineers,"• Active SHPE Member
• Minimum Cumulative GPA (High School): 2.75
• High School Senior
• Graduating in Summer 2022
• College Freshman in Fall 2022
o Plan to pursue a STEM degree
o Attending an academic institution in the
United States or Puerto Rico",https://www.shpe.org/uploads/images/general/PDF/Scholarship-Offerings-2022-2023_UPDATED-02.01.22.pdf,2023-04-30 00:00:00,1000.0,,UNKNOWN,9dd796c4-40ff-48da-b5bd-4585393b22f7.xlsx:Resource 2
0daf65bb,Driver Education Initiative Scholarship,"to be eligible for the scholarship a student must: Be currently enrolled in either High School, University or College as a full time student and submit an essay demonstrating knowledge on the topic of Safe Driving. See website for essay details.",https://www.dmvedu.org/scholarship/,2023-11-30 00:00:00,500.0,,UNKNOWN,b7eb9051-edb0-4ee1-aee1-10d7abb5f17f.xlsx:Resource 1
3c9badbe,Zinda Law Group,"Seniors going into Political Science, government service or related field. US Citizen or permanent resident, must enroll in an acredited college or university Fall 2021. 500-1000 word essay on why you are a good candidate for this scholarship.",https://www.zdfirm.com/scholarships/,2023-09-30 00:00:00,1000.0,,UNKNOWN,9dd796c4-40ff-48da-b5bd-4585393b22f7.xlsx:Resource 2
f877e350,Cirkled In's No-Sweat Scholarship,"The Cirkled In “No Sweat” Scholarship is a $2500 CASH scholarship you can use for any educational purpose, from books to summer camp. In just two steps, you’re in! Apply by signing-up for a Cirkled In account and then complete your portfolio.",Scholarship Link,2023-12-31 00:00:00,2500.0,,UNKNOWN,b7eb9051-edb0-4ee1-aee1-10d7abb5f17f.xlsx:Resource 1
2330504e,"Kauwahi 'Anaina Hawai'i
Hawaiian Civic Club","Eligibility: Preference will be given to students with Hawaiian heritage. Awards will be given based on grade
point average, personal accomplishments, community involvement, and merit. All applicants must
have at least a 2.5 cumulative GPA.",paper application in the CCC or rm. A226,2023-04-21 00:00:00,$500-$1000,,UNKNOWN,9dd796c4-40ff-48da-b5bd-4585393b22f7.xlsx:Resource 2
8b7da57b,Abbot & Fenner Scholarship,The A&F Scholarships are available to all high school juniors and seniors as well as all students currently registered in any accredited post secondary institution. To apply you will need to write an essay on the topic found on our website.,https://abbottandfenner.com/scholarships.php,2024-06-07 00:00:00,1000.0,,UNKNOWN,b7eb9051-edb0-4ee1-aee1-10d7abb5f17f.xlsx:Resource 1
0e1bb327,Donald H. Quimby Memorial Scholarship,"This scholarshipis for a worthy SD high school graduate attending a post-secondary institution. Applicants must graduate from a SD high school, submit a 300-500 word essay detailing your personal story, interests and educational goals.",Donald H. Quimby Application,2023-04-01 00:00:00,350.0,,UNKNOWN,b7eb9051-edb0-4ee1-aee1-10d7abb5f17f.xlsx:Resource 1
d76bdd6d,American Muscle Student Scholarship Program,High school seniors pursuing their post-secondary education in Automotive. 700-1500 word essay on who you are and how you plan on using your automotive educaiton to incite positive change and innovation within the custom car industry.,https://www.americanmuscle.com/scholarships.html,2023-10-15 00:00:00,"2 awards for $2,500",,UNKNOWN,9dd796c4-40ff-48da-b5bd-4585393b22f7.xlsx:Resource 2
45f760f1,Brian Watkins Memorial Scholarship,"For Provo High School Seniors who can demonstrate academic excellence, has participated in athletics and has financial need. Students will need to write a one page letter telling the committee why you should receive the scholarship.",https://brianwatkinsfoundation.org/apply/,2023-04-14 00:00:00,4000.0,,UNKNOWN,9dd796c4-40ff-48da-b5bd-4585393b22f7.xlsx:Resource 2
649a309b,World of 7 Billion Video Contest,"Explain how population growth impacts one of the following global challenges and offer an idea for a sustainable solution. The global challenges are: agriculture and food, urbanization, or ocean health. See webiste for more details",https://www.worldof7billion.org/student-video-contest/,"Februrary 22, 2023",Varies: See website for more details,,UNKNOWN,9dd796c4-40ff-48da-b5bd-4585393b22f7.xlsx:Resource 2
5a677c34,DutchCrafters Amish Furniture Heritage Scholarship,"Senior, legal resident, 3.0 GPA, must have completed the FAFSA, Essay on how you will draw upon your cultural heritage to shape your vocational aspirations, offer creative value to your future employer, and serve your community?",https://www.dutchcrafters.com/heritage-scholarship,2023-05-01 00:00:00,3 awards of $500,,UNKNOWN,9dd796c4-40ff-48da-b5bd-4585393b22f7.xlsx:Resource 2
176c9017,Ty Eschenbaum Foundation Scholarship,"The application is open to all high school seniors graduating from a South Dakota school district, attending a post-secondary education of their choosing who were diagnosed with a form of cancer at any point during their life.",https://www.tyefoundation.org/survivor-scholarships,2023-02-15 00:00:00,"(3) $1,000",,UNKNOWN,b7eb9051-edb0-4ee1-aee1-10d7abb5f17f.xlsx:Resource 1
52d861f4,Husband and Wife Law Team Scholarship,"High School senior enrolled in college for Fall 2021, 3.0 GPA, US Citizen, Permanent Resident or DACA Student. Essay of 500-1000 words on how you intend to use your education no matter what field you end up working in.",https://www.breyerlaw.com/scholarship/,2023-04-19 00:00:00,1000.0,,UNKNOWN,9dd796c4-40ff-48da-b5bd-4585393b22f7.xlsx:Resource 2
ab498b85,Karst Memorial Scholarship,The recipient will be a current year graduate of a South Dakota High School. The recipient shall have graduated in the upper 50% of the class. The recipient will be a student going into an agricultural related field.,,03/31 each year,(3) $500,,UNKNOWN,b7eb9051-edb0-4ee1-aee1-10d7abb5f17f.xlsx:Resource 1
56c0b660,American Rocketry Challenge,"B part of a team of three to ten in grade 6-12, Build a model rocket that carries one large hen egg to an altitude of 850 feet, stays airborne between 42-45 seconds and returns the rocket to the goung safely.",https://rocketcontest.org/,2023-12-01 00:00:00,20000.0,,UNKNOWN,9dd796c4-40ff-48da-b5bd-4585393b22f7.xlsx:Resource 2
44b0fc25,Bellator Titans MC Scholarship,"Eligibility Requirements: South Dakota resident, A senior going into their first year of post-secondary education in South Dakota, financial need, and answer essay question. Must be motivated and hardworking.",Bellator Titans Application,Original deadline 3/12/23 Deadline extended to: 03/31/23,1500.0,,UNKNOWN,b7eb9051-edb0-4ee1-aee1-10d7abb5f17f.xlsx:Resource 1
02eff4c2,"BACHUS & SCHANKER, LLC SCHOLARSHIP","Open to any high school senior accepted to attend a four-year university by the time of the award, or full-time student attending a four-year university in the United States who carries a 3.0 cumulative GPA.",https://www.coloradolaw.net/scholarship/,2023-11-30 00:00:00,2000.0,,UNKNOWN,9dd796c4-40ff-48da-b5bd-4585393b22f7.xlsx:Resource 2
1da2dba0,VFW Continuing Education Scholarship,"Applicant must be 18 years of age and one of the following: current VFW Auxiliary Member, Spouse of current VFW Auxiliary Member, Son of current VFW Auxiliary Member, Daughter of current VFW Auxiliary Member",https://vfwauxiliary.org/scholarships/continuing-education/,2023-02-15 00:00:00,"Four $1,000 scholarship will be awarded each year, one in each of the four VFW Auziliary Conferences",,UNKNOWN,b7eb9051-edb0-4ee1-aee1-10d7abb5f17f.xlsx:Resource 1
a7737665,MyMozaic Monthly Scholarship,Applicants must be U.S. citizens or are lawfully living in the United States and must be 13 years of age or older on the date of their entry. Selection is based on the quality of students’ MyMozaic profile.,https://www.mymozaic.com/sasscholarship.php?sscid=a1k5_xxatt,Monthly on the 30th,1000.0,,UNKNOWN,9dd796c4-40ff-48da-b5bd-4585393b22f7.xlsx:Resource 2
dba80c43,Humanity Rising Scholarship,"Must be a current high school student at the time of application.
Must be 13 years of age or older at the time of application.
Must be a U.S. citizen or permanent resident.
This award is for U.S. students.",https://humanityrising.org/students/,2023-12-31 00:00:00,4000.0,,UNKNOWN,9dd796c4-40ff-48da-b5bd-4585393b22f7.xlsx:Resource 2
1bde0b0f,Customized Girl Scholarship,"US legal resident, US Student. Fill out online application. Follow @customizedgirl on instagram and post a 140-word statement of what you think the world needs to hear right now. Use hashtag #CGScholarship",https://www.unigo.com/scholarships/high-school-students/scholarships-for-high-school-juniors/customized-girl-scholarship,2023-12-31 00:00:00,1000.0,,UNKNOWN,9dd796c4-40ff-48da-b5bd-4585393b22f7.xlsx:Resource 2
111b73d4,Anthony's Scholarship Living with a Sense of Purpose,"High School Senior with 3.0 GPA, A school resume, transcript and 500-1000 word essay on thoughtful ideas on how legislation can b inmplemented to lower or decrease the rate of suicide in the United States.",https://protectingpatientrights.com/anthonys-scholarship-living-with-a-sense-of-purpose-2021/,2023-04-30 00:00:00,2000.0,,UNKNOWN,9dd796c4-40ff-48da-b5bd-4585393b22f7.xlsx:Resource 2
a489168e,Knights of Columbus Scholarship Application,This application must be completed and returned to the parish office by the due date. Open to members of Risen Savior OR Rose of Lima parishes in Brandon & Garretson. Late application will not be accepted.,KC Scholarship Application,2023-04-01 00:00:00,(2) $500,,UNKNOWN,b7eb9051-edb0-4ee1-aee1-10d7abb5f17f.xlsx:Resource 1
c2890056,America First Credit Union Scholarship,"members must be graduating high school seniors or undergraduate students currently enrolled in a two-year, four-year or technical college or university, and have a passion for serving and helping others.",https://www.americafirst.com/about/community-involvement/charitable-outreach-programs/scholarship-application.html,2023-04-30 00:00:00,Varies,,UNKNOWN,9dd796c4-40ff-48da-b5bd-4585393b22f7.xlsx:Resource 2
d7e0a69e,Pride In Diversity Scholarship,"Eligibility: Open to students who are part of the LGBTQ+ community and are pursuing a degree in STEM.

Submit: Short video (1-2 minutes) describing your role as a member of the LGBTQ+ community in tech.",https://bold.org/scholarships/pride-in-diversity-scholarship/#ref=great-scholarships,2023-09-30 00:00:00,2000.0,,UNKNOWN,9dd796c4-40ff-48da-b5bd-4585393b22f7.xlsx:Resource 2
bfabe326,Do-Over Scholarship,This award is for U.S. students.| Must be a legal U.S. resident.| Must be a resident of one of the 50 United States or the District of Columbia.| Must be 14 years of age or older at time of application.,https://www.unigo.com/scholarships/our-scholarships/do-over-scholarship,2023-06-30 00:00:00,1500.0,,UNKNOWN,9dd796c4-40ff-48da-b5bd-4585393b22f7.xlsx:Resource 2
db2a2213,Flavor of the Month Scholarship,This award is for U.S. students.| Must be a legal U.S. resident.| Must be a resident of one of the 50 United States or the District of Columbia.| Must be 14 years of age or older at time of application.,https://www.unigo.com/scholarships/our-scholarships/flavor-of-the-month-scholarship,2023-07-31 00:00:00,1500.0,,UNKNOWN,9dd796c4-40ff-48da-b5bd-4585393b22f7.xlsx:Resource 2
5a809b30,Beyond the Boroughs National Scholarship,High School senior entering college Fall 2021. Minimum 2.5 GPA involved in extracurricular activities. Come from low-income household. Must submit a completed FAFSA Student Aid Report with application.,http://www.beyondtheboroughs.org/the-scholarship/scholarship-requirements/,2023-03-15 00:00:00,"2 awards of $20,000",,UNKNOWN,9dd796c4-40ff-48da-b5bd-4585393b22f7.xlsx:Resource 2
b5b8e824,Too Cool to Pay for School,"Open to high school, college, and graduate school students of all years. Must be currently enrolled full time (in high school or at an accredited university) or planning on enrolling within 24 months.",,2023-12-31 00:00:00,Varies,,UNKNOWN,9dd796c4-40ff-48da-b5bd-4585393b22f7.xlsx:Resource 2
ef685930,James Beard Foundation Scholarship,"Culinary Arts Students, 250 word personal statement detailing what makes you a great candidate for a JBF scholarship, two letters of recommendation, a copy of your transcript, and an updated resume.",https://aim.applyists.net/JBF/Initiate,2023-03-31 00:00:00,Varies,,UNKNOWN,9dd796c4-40ff-48da-b5bd-4585393b22f7.xlsx:Resource 2
38a4547b,"South Dakota Plumbing, Heating and Cooling Contractors Association Scholarship","This scholarship is intended for students who wish ot have a career in the plumbing, heating or cooling industry. You must be sponsored by a SDAPHCC member and the sponsor must sign the application.",https://sdphcc.org/scholarship/,12/32/23,(1) $500 (1) $1000,,UNKNOWN,b7eb9051-edb0-4ee1-aee1-10d7abb5f17f.xlsx:Resource 1
2af4b5ce,B. Davis Scholarship,This Scholarship is available to all high school juniors and seniors as well as all students currently registered in any post secondary institution. Scholarship essay contest. See link for details.,http://www.studentawardsearch.com/scholarships.htm,2024-05-21 00:00:00,1000.0,,UNKNOWN,b7eb9051-edb0-4ee1-aee1-10d7abb5f17f.xlsx:Resource 1
57c926a8,Steps for Change Scholarship,"Legal Status in the US, High School Senior, attending college Fall 2021, household income of less than $55,000, GPA of 3.5+, A 1 minute video answering the question: How would you value yourself?,",https://www.wealthbyhealth.org/steps-for-change-scholarship,2023-05-02 00:00:00,2000.0,,UNKNOWN,9dd796c4-40ff-48da-b5bd-4585393b22f7.xlsx:Resource 2
0c71e205,Freedom Festival Art Contest,"All students K-12. Entries must be original work, submitted in digital jpg format only and no smaller than 300 dpi. No personal or identifying information may appear on the artwork itself.",http://freefestival.wpengine.com/event/art-contest/,2023-02-28 00:00:00,500 per division,,UNKNOWN,9dd796c4-40ff-48da-b5bd-4585393b22f7.xlsx:Resource 2
1c73f578,American Legion: Eagle Scout of the Year,"• Be either a registered active member of a Boy Scouts of
America unit that is chartered to an American Legion
post, American Legion Auxiliary unit or Sons of The
American Legion squadron.",https://www.legion.org/scholarships/eaglescout,2023-03-01 00:00:00,Varies,,UNKNOWN,9dd796c4-40ff-48da-b5bd-4585393b22f7.xlsx:Resource 2
0c1d4574,Junior Achievement of South Dakota Leo Crawford Scholarship,"High School Senior, graduating before June 30th of the current school year
Participation in any JA Program during applicant's K-12 education (including the high school JA Ethics program).",Leo Crawford Scholarship Application,03/01 each year,500.0,,UNKNOWN,b7eb9051-edb0-4ee1-aee1-10d7abb5f17f.xlsx:Resource 1
fa512f2a,DP Law Encouraging Diversity Scholarship,High School seniors. Minimum GPA of 3.0 required. 750-1000 Word essay response to the prompt: Why do you want to become a lawyer? What type of law are you pursuing? What motivates you?,https://www.dplaw.com/encouraging-diversity-scholarship/,2023-10-31 00:00:00,1000.0,,UNKNOWN,9dd796c4-40ff-48da-b5bd-4585393b22f7.xlsx:Resource 2
6c9d3661,Serving Others Scholarship: Indpendent Insurance Agents,"Requirements: Permanent resident of South Dakota, Attending an accredited South Dakota higher learning institution for Fall of 2023, Must drop application off at IIASD memeber's office",IIASD Scholarship Application Details and QR Code to apply,2023-04-15 00:00:00,"(1) $10,000 (4) $2,500",,UNKNOWN,b7eb9051-edb0-4ee1-aee1-10d7abb5f17f.xlsx:Resource 1
f8f458ca,Luigi Wewege Foundation Scholarship,"American High School seniors who have been accepted into a college or university within the US. 500 word Essay on the question, ""HOw will retail banking change over the next decade?""",http://www.luigiwewegefoundation.com/criteria/,2023-12-01 00:00:00,1 award of $1500,,UNKNOWN,9dd796c4-40ff-48da-b5bd-4585393b22f7.xlsx:Resource 2
33d56ea8,2023 Steve Duckett Local Conservation Scholarship,"High School seniors. 3.0 GPA. Must demonstrate a commitment to environmental conservation using past, present volunteer, professional or educaitonal experiences. 750-1000 word essay",https://virginiacriminallaws.com/2023-steve-duckett-local-conservation-scholarship/,2023-10-31 00:00:00,1000.0,,UNKNOWN,9dd796c4-40ff-48da-b5bd-4585393b22f7.xlsx:Resource 2
986f64cd,The Princeton Prize in Race Relations,"Recipients of the Princeton Prize in Race Relations have stood up to intolerance, worked toward advancing racial equity, and encouraged racial comity in their school or communities.",https://pprize.princeton.edu,2023-01-31 00:00:00,Varies,,UNKNOWN,9dd796c4-40ff-48da-b5bd-4585393b22f7.xlsx:Resource 2
41488e74,WWGF Foundation Scholarships,"Women's Western Golf Foundation will accept applications from girls who are actively participating in the sport of Golf. 3.5 GPA. Show character, integrity and leadership in Resume.",https://wwgf.esfhost.com/info/,2023-03-04 00:00:00,"20 awards of $!0,000",,UNKNOWN,9dd796c4-40ff-48da-b5bd-4585393b22f7.xlsx:Resource 2
9fd6e7c3,Beyond the Cure Ambassador Scholarship,Any student under the age of 25 who has been diagnosed with cancer or a high grade or anaplastic brain tumore prior to the age of 18. US Citizen attending school in the US Fall 2021,https://www.thenccs.org/scholarship,2023-03-31 00:00:00,58 awards of $3500,,UNKNOWN,9dd796c4-40ff-48da-b5bd-4585393b22f7.xlsx:Resource 2
a8384698,HelpTeaching.com Scholarship,"open to all students. Students must submit a short piece of original work. This can be a short story, a personal story or teaching moment. Check out the website for more information",https://www.helpteaching.com/resources/scholarship,2023-06-01 00:00:00,1000.0,,UNKNOWN,9dd796c4-40ff-48da-b5bd-4585393b22f7.xlsx:Resource 2
5706f470,Southeast Tech Scholarship for CTE Academy Students,Incredible opportuniy to get a scholarship to Southeast Tech just by taking classes during high school at CTE Academy. Must receive a grade of C or higher in CTE Academy class(es).,https://southeasttech.edu/foundation/scholarships,Contact: Chellee.Nemec@southeasttech.edu with questions,"$500-$1,000",,UNKNOWN,b7eb9051-edb0-4ee1-aee1-10d7abb5f17f.xlsx:Resource 1
188f819d,CJ Pony Parts SCholarship Video Contest,Bi-annual contest open to any US Resident who will be enrolling in post-secondary education in the next semester after graduation. Open to all fields of study not just Automotive.,https://www.cjponyparts.com/cj-pony-parts-scholarship-video-contest,2023-10-15 00:00:00,500.0,,UNKNOWN,9dd796c4-40ff-48da-b5bd-4585393b22f7.xlsx:Resource 2
1a797874,Sigma Phi Epsilon - Balanced Man Scholarship Application,"The Balanced Man Scholarship is for incoming male freshmen to South Dakota State University. Applicant should be someone who shows balance in academics, athletics, and leadership.",https://southdakota.sigep.org/bms/,2023-06-30 00:00:00,"$2,000 in scholarships",,UNKNOWN,b7eb9051-edb0-4ee1-aee1-10d7abb5f17f.xlsx:Resource 1
a1045305,Unigo: Education Matters $5K Scholarship,"US student, 14 years or older, Legal resident. 250 word Essay on ""What would you say to smeone who thinks education doesn't matter, or that college is a waste of time and money?""",https://www.unigo.com/scholarships/our-scholarships/education-matters-scholarship,2023-11-30 00:00:00,1 award of $5000,,UNKNOWN,9dd796c4-40ff-48da-b5bd-4585393b22f7.xlsx:Resource 2
456e2164,Make your Mark Bookmark Contest,Paper application available in the College and Career Center or go to website and download template. Open to students K-12. Design an original bookmark using the given template.,https://my529.org/make-your-mark-contest/,2023-10-02 00:00:00,$1000 per age group,,UNKNOWN,9dd796c4-40ff-48da-b5bd-4585393b22f7.xlsx:Resource 2
ebb16262,Youth Wildlife Art Contest,"Open to all students. Entries must be signed by the artist and be an original piece portraying any North American game bird, or animal that may be legally trapped or hunted.",https://artcontest.nra.org/how-it-works/,2023-10-31 00:00:00,$250 to $1000,,UNKNOWN,9dd796c4-40ff-48da-b5bd-4585393b22f7.xlsx:Resource 2
21c8cc58,Unigo: I have a Dream Scholarship,"14 years or older, 250 words or less essay on ""What do you dream about?"" Whether it's some bizarre dream you had last week, or your hopes for the future, share your dreams.",https://www.unigo.com/scholarships/our-scholarships/i-have-a-dream-scholarship,2023-01-31 00:00:00,1500.0,,UNKNOWN,9dd796c4-40ff-48da-b5bd-4585393b22f7.xlsx:Resource 2
a1a9871d,John Evans Engineering Awards,"Must self-identify as a woman
Possess Canadian Citizenship or Permanent Residency Status
Be a high school graduate, entering into an accredited Canadian Engineering program",https://www.cemf.ca/en/john-evans-engineering-entrance-award,Check back in october,5000.0,,UNKNOWN,9dd796c4-40ff-48da-b5bd-4585393b22f7.xlsx:Scholarship Main
9adf6ea9,Unigo's All About Education Scholarship,"Must be 14 or older and a U.S. legal resident. Respond in 250 words or less to the question ""How will a $3,000 scholarship for education make a difference in your life?""",https://www.unigo.com/scholarships/our-scholarships/all-about-education-scholarship,2023-04-30 00:00:00,3000.0,,UNKNOWN,9dd796c4-40ff-48da-b5bd-4585393b22f7.xlsx:Resource 2
27485b7b,Berto Diaz Engineering Schcolarship (Mechanical),"Senior who has been accepted into a 4-year engineering program at an accredited university in the US by May 1, 2021. Short answer questionaire to be filled out online.",https://www.bertodiazengscholarship.org/?Apply,2023-01-01 00:00:00,1000.0,,UNKNOWN,9dd796c4-40ff-48da-b5bd-4585393b22f7.xlsx:Resource 2
99b38ac4,Student View Scholarship,"High School seniors who plan to attend a 4-year college or university, or trade school. Complete the 15-20 minute online application survey about colleges in your area",http://www.student-view.com/ScholarshipWmap.html,2023-04-23 00:00:00,"1-$5000 award, 3-$1000 awards, 10-$500 awards",,UNKNOWN,9dd796c4-40ff-48da-b5bd-4585393b22f7.xlsx:Resource 2
33640be6,Unigo $10K Scholarship,"US legal resident, US student, 14 years or older. 250 word essay, ""Imagine a historical figure is brought back to life. Who is it? What's their favorite mobile app?""",https://www.unigo.com/scholarships/our-scholarships/unigo-10k-scholarship,2023-12-31 00:00:00,"1 award of $10,000",,UNKNOWN,9dd796c4-40ff-48da-b5bd-4585393b22f7.xlsx:Resource 2
e5428a10,JMJ Phillip Group College Scholarships,"Seniors going into a STEM field, starting Fall 2021, 3.6 GPA, 1 letter of reference, 500-1000 word essay: ""How can STEM graduates in 2022 change the world in 2040?""",https://jmjphillip.com/jmj-phillip-stem-scholarship/,2023-10-01 00:00:00,4 awards of $1000,,UNKNOWN,9dd796c4-40ff-48da-b5bd-4585393b22f7.xlsx:Resource 2
473bbee7,Utah School Counselor Association Scholarship,High School senior. Essay about a high school counselor who has had a postive influence on them. Students must log into website in order to write essay and apply.,https://completescholarships.org/,2023-01-15 00:00:00,Varies,,UNKNOWN,9dd796c4-40ff-48da-b5bd-4585393b22f7.xlsx:Resource 2
557aa51c,2023 Keys to Success Bill J. Pope Scholarship,"You must be a graduating senior to apply and choosing to pursue a Science, Technology, Engineering, and Math (STEM) major. Scholarship Deadline: March 3rd, 2023.",ktsutah.org,2023-03-03 00:00:00,1000.0,,UNKNOWN,9dd796c4-40ff-48da-b5bd-4585393b22f7.xlsx:Resource 2
e1acb463,Traub-Dicker Rainbow Scholarship,"To be eligible, applicants must:

Identify as a lesbian

Plan to attend a college or university in the United States (including graduate school) in the Fall",https://www.grantinterface.com/Home/Logon?ReturnUrl=%2fProcess%2fShortLinkApply%3fprocessGuid%3dc084678f-b00d-4093-a631-09fdffec0ddb%26UrlKey%3dstonewallcfschol&processGuid=c084678f-b00d-4093-a631-09fdffec0ddb&UrlKey=stonewallcfschol,Varies,4000.0,,UNKNOWN,9dd796c4-40ff-48da-b5bd-4585393b22f7.xlsx:Resource 2
f0eeedc9,SDSU Freshmen Scholarship Opportunities,"Acceptance to SDSU. Scholarship opportunities are based on your grades, standardized test scores or your interest in pursuing a major in a particular field.",https://www.sdstate.edu/admissions/first-time-freshmen-scholarships,12/1 each year,Varies,,UNKNOWN,b7eb9051-edb0-4ee1-aee1-10d7abb5f17f.xlsx:Resource 1
fcc5ef31,Coca-Cola Scholars Program,Open to high school seniors. Applicant must be a US Citizen or permanent resident or refugee. 3.0 minimum GPA and on track to graduate with their class.,https://how2winscholarships.com/coca-cola-scholarship/,2023-10-31 00:00:00,2000.0,,UNKNOWN,9dd796c4-40ff-48da-b5bd-4585393b22f7.xlsx:Resource 2
4abf2a59,CC Bank's Young Scholars Scholarship,"All high school students, US Resident, minimum GPA of 3.0, enrolled in school, will require an essay of 250 - 400 words on topic supplied on application",https://studentscholarships.org/scholarship/13729/cc-banks-young-scholars-scholarship,2023-12-31 00:00:00,5 awards of $2000,,UNKNOWN,9dd796c4-40ff-48da-b5bd-4585393b22f7.xlsx:Resource 2
1a75fbd3,Snapology STEM Studies Scholarship,"Female senior attending college fall 2021, show demonstrated academic achievement, financial need, and an expressed interest in pursuing STEM education.",https://www.snapology.com/scholarships,2023-04-30 00:00:00,1000.0,,UNKNOWN,9dd796c4-40ff-48da-b5bd-4585393b22f7.xlsx:Resource 2
9193d508,Unigo: Faster Than the Click of a Button,"14 years or older, Legal US Resident, 250 Words or less essay on: Which Superhero or villian would you want to change places with for a day and why?""",https://www.unigo.com/scholarships/our-scholarships/superpower-scholarship,2023-03-31 00:00:00,2500.0,,UNKNOWN,9dd796c4-40ff-48da-b5bd-4585393b22f7.xlsx:Resource 2
0b9dee21,Unigo: 10 Things You Love About You,"14 years or older, US Legal Resident. Essay of 250 words or less on: ""Create a Top Ten List of the top ten reasons you should get this scholarship.""",https://www.unigo.com/scholarships/our-scholarships/top-ten-list-scholarship,2023-12-31 00:00:00,1500.0,,UNKNOWN,9dd796c4-40ff-48da-b5bd-4585393b22f7.xlsx:Resource 2
90d4ce46,Student-View Scholarship Program,"It's quick and easy to apply: No minimum SAT/ACT score or grade point average, no essay required, no lengthy application forms, no application fees",www.student-view.com,2023-04-23 00:00:00,"(1) $5,000 (3) $1,000 (10) $500",,UNKNOWN,b7eb9051-edb0-4ee1-aee1-10d7abb5f17f.xlsx:Resource 1
322f90c7,Omega Psi Phi Fraternity International High School Essay Contest,The contest is open to all high school seniors college bound. Essay must be submitted through a chapter of the fraternity. 700-750 words in length,https://oppf.org/international-high-school-essay-contest/,2023-10-20 00:00:00,$1000 - %5000,,UNKNOWN,9dd796c4-40ff-48da-b5bd-4585393b22f7.xlsx:Resource 2
ba197f33,Lockheed Martin STEM Scholarship,"HS Senior going into an area of Engineering. 2.5 Minimum GPA, US Citizen. Ineterest in completing an internship during college at Lockheed Martin.",https://www.lockheedmartin.com/en-us/who-we-are/communities/stem-education/lm-scholarship-program.html,2023-04-01 00:00:00,"200 awards of $20,000",,UNKNOWN,9dd796c4-40ff-48da-b5bd-4585393b22f7.xlsx:Resource 2
3ce7c032,Odenza Vacations Scholarship,"Students ages 17 to 24, 2.5 GPA. Be a resident of the US or Canada. Essay of up to 1000 words on ""Why do you want to be in College/University?""",https://odenzavacationsscholarships.com/apply.php,2023-05-01 00:00:00,500.0,,UNKNOWN,9dd796c4-40ff-48da-b5bd-4585393b22f7.xlsx:Resource 2
03c07e97,Scholars Helping Collars Scholarship,"HS Senior who can tell the best story, describing the impact he or she made in the life of a rescue animal or animal welfare cause in general.",https://www.petplay.com/pages/scholarship,2023-02-27 00:00:00,up to $1500,,UNKNOWN,9dd796c4-40ff-48da-b5bd-4585393b22f7.xlsx:Resource 2
5b186ee4,Donald and Barbara Mozley Scholarship,all students going into engineering or related field in college. Have participated in STEM activities in or out of school. 3.5 GPA or higher,https://www.sae.org/participate/scholarships/donald-and-barbara-mozley-scholarship,2023-03-15 00:00:00,7 awards of $5000,,UNKNOWN,9dd796c4-40ff-48da-b5bd-4585393b22f7.xlsx:Resource 2
e845530d,Barbara J. DeVaney Memorial Scholarship Fund,"Any female-identifying high school student who is a single mother, woman of color, first generation college, or survivor of abuse may apply",https://bold.org/scholarships/barbara-j-devaney-memorial-scholarship-fund/,2023-09-21 00:00:00,"12 up to $10,000",,UNKNOWN,9dd796c4-40ff-48da-b5bd-4585393b22f7.xlsx:Resource 2
cbad5e03,2023 Mechanical One Scholarship,"Open to students who are pursuing a certification, certificate, associates, bachelors, or masters in engineering or a related area of study",https://mechanicalone.com/scholarship/,2023-10-16 00:00:00,2500.0,,UNKNOWN,9dd796c4-40ff-48da-b5bd-4585393b22f7.xlsx:Resource 2
9a304e24,Jane Austen Society of North America Essay Contest,"High School Students, Essay that discusses how Jane Austen uses the arts. Students may discuss the use of the arts in one or more novels.",http://jasna.org/programs/essay-contest?,2023-06-02 00:00:00,$250 to $1000,,UNKNOWN,9dd796c4-40ff-48da-b5bd-4585393b22f7.xlsx:Resource 2
5cc5669a,"Jiffy Lube Teen Driver ""What Drives You"" Scholarship","for Utah students 16-18, enrolled in high school during the 2020-21 school year. Write a 500 word typed essay about what drives you now.",https://www.yourturn2apply.com/utah.htm,2023-03-14 00:00:00,up to $6500,,UNKNOWN,9dd796c4-40ff-48da-b5bd-4585393b22f7.xlsx:Resource 2
43d7751f,Beans for Brains Scholarship,"High School Seniors. 3.0 GPA, know how to Knit, Crochet, Weave, Etc. Submit photo of an original knitted, crocheted and/or woven project",https://www.jimmybeanswool.com/details/knitting/scholarshipFAQs.asp,2023-05-24 00:00:00,3 awards of $2500,,UNKNOWN,9dd796c4-40ff-48da-b5bd-4585393b22f7.xlsx:Resource 2
95a3e9c0,VFW Youth Scholarships,US Citizen or permanent resident all grades. Student's must submit a 3-5 minute audio essay on the given topic found on the website.,https://www.vfw.org/PatriotsPen/,2023-10-31 00:00:00,35000.0,,UNKNOWN,9dd796c4-40ff-48da-b5bd-4585393b22f7.xlsx:Resource 2
2d23f341,Scott and Kim Verplank Foundation Scholarship,"HS Senior diagnosed with Type Diabetes and successfully managing the disease. minimum GPA of 3.0, Participating in an athletic team",http://verplankfoundation.com/scholarships/,2023-04-15 00:00:00,10000.0,,UNKNOWN,9dd796c4-40ff-48da-b5bd-4585393b22f7.xlsx:Resource 2
7c38bffa,Mountain America CU Elevate Scholarship,"Scholastic records
Character and core values
Work ethic and experience
Community involvement and contributions
Leadership in action",https://www.macu.com/about/community/mountain-america-foundation/scholarship-notification-form,"Feburary 12, 2023",Varies,,UNKNOWN,9dd796c4-40ff-48da-b5bd-4585393b22f7.xlsx:Resource 2
99f89b0e,BVEA and District Employee Scholarship,All applicants must attend a college or university within the state of South Dakota and plan on majoring in the field of education.,BVEA & District Employee Scholarship Application,04/15 each year,1000.0,,UNKNOWN,b7eb9051-edb0-4ee1-aee1-10d7abb5f17f.xlsx:Resource 1
56f20de0,Because College is Expensive Scholarship,"High school sophomores, juniors & seniors, current college students and anyone else looking to attend college or graduate school.",https://cedaredlending.com/scholarship/,2023-09-30 00:00:00,500.0,,UNKNOWN,9dd796c4-40ff-48da-b5bd-4585393b22f7.xlsx:Resource 2
c7da0b78,King Eagle Scout Scholarship,"A) Be an Eagle Scout between the ages of 13-18.
B) Compete at the local Chapter level prior to competing at the National level.",https://www.sar.org/arthur-m-berdena-king-eagle-scout-contest/,2023-12-31 00:00:00,10000.0,,UNKNOWN,9dd796c4-40ff-48da-b5bd-4585393b22f7.xlsx:Resource 2
97b91cbb,UVU Scholarships,"students who have applied to UVU, including those CE students whose applications automatically turn over to on campus students",https://www.uvu.edu/financialaid/scholarships/,2023-03-01 00:00:00,varies by scholarship,,UNKNOWN,9dd796c4-40ff-48da-b5bd-4585393b22f7.xlsx:Resource 2
ed20a04e,Utah Elks Association Scholarship,This scholarship is also for the Elks Association but is based on special needs. Applicants must be a senior and a US Citizen,Paper application available in the CCC,2023-02-01 00:00:00,Varies,,UNKNOWN,9dd796c4-40ff-48da-b5bd-4585393b22f7.xlsx:Resource 2
34441c5a,Native American Scholarship Opportunities,High school student enrolled member of a federally recognized Native American Tribe and enrolled in a natural resource course,https://www.itcnet.org/about_us/scholarships.html,Varies,2500.0,,UNKNOWN,9dd796c4-40ff-48da-b5bd-4585393b22f7.xlsx:Resource 2
9e05efcc,Foot Locker Scholars Program,"student-athletes who demonstrate exceptional academic abiltity adn strong leadership skills in sports, school, and community",https://footlockerscholarathletes.squarespace.com/,TBA,"20 awards of $20,000",,UNKNOWN,9dd796c4-40ff-48da-b5bd-4585393b22f7.xlsx:Resource 2
2fd45ff4,"Niche ""No Essay"" College Scholarship","Create an account and submit your entry, You must be 18 years or older or planning on attending college in the Fall of 2021",https://www.niche.com/colleges/scholarship/no-essay-scholarship/?utm_source=ScholarshipExperts&utm_medium=Referral&utm_campaign=SEnes&source=se,Monthly,1 award of $2000,,UNKNOWN,9dd796c4-40ff-48da-b5bd-4585393b22f7.xlsx:Resource 2
56dc78f8,American Bank & Trust Scholarship,"Must be a high school senior planning to attend a SD College or Tech School, Applicants do not need to be an AB&T customer",https://www.abt.bank/abt-gives-back/scholarships-for-high-school-seniors/,2023-04-15 00:00:00,multiple $500 Scholarships,,UNKNOWN,b7eb9051-edb0-4ee1-aee1-10d7abb5f17f.xlsx:Resource 1
229e4d1b,$1000 March Scholarship,"Lottery scholarship - All students can enter, no essay required. Be prepared to get spam from entering this scholarship.",https://www.niche.com/colleges/scholarship/march-scholarship/?utm_source=ScholarshipExperts&utm_medium=Referral&utm_campaign=SEmonthly&source=se,2023-03-20 00:00:00,1000.0,,UNKNOWN,9dd796c4-40ff-48da-b5bd-4585393b22f7.xlsx:Resource 2
1575f4f5,BE Bold Scholarship,"Lottery scholarship - All students can enter, no essay required. Be prepared to get spam from entering this scholarship.",https://bold.org/scholarships/the-be-bold-no-essay-scholarship/#ref=best-scholarships,2023-07-01 00:00:00,25000.0,,UNKNOWN,9dd796c4-40ff-48da-b5bd-4585393b22f7.xlsx:Resource 2
fe256e0e,College Scholarship for HIgh School Students,"Lottery scholarship - All students can enter, no essay required. Be prepared to get spam from entering this scholarship.",https://www.scholarshippoints.com/win5/?st=2361&offer_id=11&aff_sub=&aff_sub2=&transaction_id=10298b0fae2dcb737dcd00f64a9760&utm_source=&utm_medium=Affiliate&utm_campaign=ScholarshipPoints%2B%2410%2C000%2BScholarship%2B(CPA)&,Monthly,"10 awards of $10,000",,UNKNOWN,9dd796c4-40ff-48da-b5bd-4585393b22f7.xlsx:Resource 2
c00a3880,Wayne State College Art & Design Scholarships,Opportunity for students who are interested in attending Wayne State College and are pursuing the Art & Design field.,https://www.wsc.edu/art-design,12/1 each year,Varies,,UNKNOWN,b7eb9051-edb0-4ee1-aee1-10d7abb5f17f.xlsx:Resource 1
6e00c701,Olympians Academy Leadership Wings Scholarship,"High school senior, undergraduate, or graduate student
Professional leadership or management studies
3.0 or higher",https://bold.org/scholarships/olympians-academy-leadership-wings-scholarship/#ref=great-scholarships,2023-08-06 00:00:00,1000.0,,UNKNOWN,9dd796c4-40ff-48da-b5bd-4585393b22f7.xlsx:Resource 2
aa2386cb,The Sioux Falls Business and Professional Women Scholarship,For women pursuing a post-secondary education. Both traditional and non-traditional students are eligible to apply,Scholarship Application Link,2023-05-15 00:00:00,Varies,,UNKNOWN,b7eb9051-edb0-4ee1-aee1-10d7abb5f17f.xlsx:Resource 1
80cddf99,Create a Greeting Card Scholarship,"US Residents, 14 years or older. Applicants must design a greeting card and submit their application and artwork",https://www.gallerycollection.com/greeting-cards-scholarship.htm,2024-03-01 00:00:00,"1 award of $10,000",,UNKNOWN,9dd796c4-40ff-48da-b5bd-4585393b22f7.xlsx:Resource 2
a017b2c8,Utah First Cash for College Scholarship,"A member of Utah First Credit Union
A current college, trade school, or vocational school student (in any state)","https://utahfirst.com/scholarship/#:~:text=The%20Utah%20First%20Cash%20for,school%20student%20(in%20any%20state)",Quartarly,1000.0,,UNKNOWN,9dd796c4-40ff-48da-b5bd-4585393b22f7.xlsx:Resource 2
7ac81d2c,Daniels Scholarship Program,"fill out the online application while demonstrating your expceptional character, ability to lead, and serve.",https://www.danielsfund.org/scholarships/daniels-scholarship-program/overview,2023-10-15 00:00:00,Last Dollar,,UNKNOWN,9dd796c4-40ff-48da-b5bd-4585393b22f7.xlsx:Resource 2
794cbe51,Utah Young Humanitarian Scholarship,"Juniors and seniors, who have completed humanitarian service and are committed to humanitarian service",https://www.youthlinc.org/scholarships/young-humanitarian-award/,2023-03-01 00:00:00,"up to $5,000",,UNKNOWN,9dd796c4-40ff-48da-b5bd-4585393b22f7.xlsx:Resource 2
aa87a221,Theresa Lord Future Leader Scholarship,"Must be a high school senior or undergraduate student
Must be African American or of Caribbean descent",https://bold.org/scholarships/theresa-lord-future-lord-scholarship/,2023-04-23 00:00:00,500.0,,UNKNOWN,9dd796c4-40ff-48da-b5bd-4585393b22f7.xlsx:Resource 2
3f8f456f,NCCF Survivor Scholarship Program,HS senior who has battled cancer or is currently a cancer patient. Check out website for more criteria,http://collegiatecancer.org/scholarships/,2023-05-20 00:00:00,1000.0,,UNKNOWN,9dd796c4-40ff-48da-b5bd-4585393b22f7.xlsx:Resource 2
57b93588,Dura-Pack Scholarship Award,Must be planning on attending a college or Univeristy in Fall. Proof of acceptance will be necessary,https://dura-pack.com/scholarship,2023-08-01 00:00:00,3000.0,,UNKNOWN,9dd796c4-40ff-48da-b5bd-4585393b22f7.xlsx:Resource 2
25c29a6a,CTE Scholarships,Senior students planning on attending one of the participating institutions. See website for details,https://www.schools.utah.gov/cte/resources/scholarshipsawards?mid=3119&tid=0,2023-01-29 00:00:00,Varies per institution,,UNKNOWN,9dd796c4-40ff-48da-b5bd-4585393b22f7.xlsx:Resource 2
0a5ed293,Lakeview Elementary Scholarship,"HS senior, must have attended Lakeview Elementary School for at least 1-full year during grades K-6.",paper application in the CCC or online Turn in to Mrs. Castillo by 3pm!,2023-05-14 00:00:00,500.0,,UNKNOWN,9dd796c4-40ff-48da-b5bd-4585393b22f7.xlsx:Resource 2
7f4336c0,Print and Graphic Scholarship,"High School Seniors pursuing a career in printing technology, graphic Communications, or publishing",https://www.pgsf.wp1.openfunction.website/scholarship-application,2023-05-01 00:00:00,$1000 - $5000,,UNKNOWN,9dd796c4-40ff-48da-b5bd-4585393b22f7.xlsx:Resource 2
54505dec,Thurgood Marshall College Fund offers the Apple Scholars Engineering and Innovation Scholarship Program for African American Women in engineering,"Multiple Scholarships can be applied from here. For Next year
This is one for year three and year 4",https://www.tmcf.org/students-alumni/scholarships/open-scholarships/,2024-06-05 00:00:00,Varies,,UNKNOWN,9dd796c4-40ff-48da-b5bd-4585393b22f7.xlsx:Scholarship Main
fbe75da0,Lamber-Goodnow Injury Law Team Education Scholarships,"Several Scholarships available, 500-750 word essay on question given on website. Minimum GPA 2.8",https://lambergoodnow.com/scholarships/,2023-12-01 00:00:00,1000.0,,UNKNOWN,9dd796c4-40ff-48da-b5bd-4585393b22f7.xlsx:Resource 2
e79f7e4c,Delete Cyberbullying Scholarship,Choose one of the two prompts about cyberbullying. Write a 500 word response and submit online.,https://www.endcyberbullying.net/scholarship/,Monthly,1000.0,,UNKNOWN,9dd796c4-40ff-48da-b5bd-4585393b22f7.xlsx:Resource 2
2e002854,Dixie State Scholarships for Utah Residents,"Must be accepted to Dixie State for Fall 2021, US Citizen, intent to graduate from Dixie State",https://scholarships.dixie.edu/utah-resident-freshman-scholarship/,2023-03-01 00:00:00,Awards vary by Scholarship,,UNKNOWN,9dd796c4-40ff-48da-b5bd-4585393b22f7.xlsx:Resource 2
41022b59,Hire a Helper Skilled Trade & Technology Scholarship,High School senior planning to enroll in a trade program after high school. 3.4 GPA Required,https://www.hireahelper.com/about/scholarships/,2023-10-14 00:00:00,4 awards for $2000,,UNKNOWN,9dd796c4-40ff-48da-b5bd-4585393b22f7.xlsx:Resource 2
b453d506,DECA Scholarships,Must be a current DECA member to be eligible for DECA scholarships. See website for details,https://www.deca.org/high-school-programs/scholarships/,2024-01-12 00:00:00,Varies,,UNKNOWN,9dd796c4-40ff-48da-b5bd-4585393b22f7.xlsx:Resource 2
67824de5,NRA Civil Rights Defense Fund Youth Essay Contest,"For grades 9-12, Write an 1000 word Essay on ""What does the Second Amendment mean to you?""",https://www.nradefensefund.org/essay-contest/,2023-12-31 00:00:00,1000.0,,UNKNOWN,9dd796c4-40ff-48da-b5bd-4585393b22f7.xlsx:Resource 2
7f0d0e17,Photographers.org Annual Scholarship,"High school senior, have photo ID. 300 word essay describing your interest in photography",https://www.photographer.org/academic-scholarships/,2023-05-01 00:00:00,1000.0,,UNKNOWN,9dd796c4-40ff-48da-b5bd-4585393b22f7.xlsx:Resource 2
734aac86,GoTrancript Academic Scholarship Program,"HS Senior, short 500-1000 word essay on ""How language has helped you express your voice.""",https://gotranscript.com/scholarship-program,Year-Round,1000.0,,UNKNOWN,9dd796c4-40ff-48da-b5bd-4585393b22f7.xlsx:Resource 2
66337d80,Coolidge Scholarship,"High School Juniors, US citizen or legal resident. Applications must be completed online",www.coolidgescholars.org,2023-02-23 00:00:00,Full-ride scholarship for 4 years,,UNKNOWN,9dd796c4-40ff-48da-b5bd-4585393b22f7.xlsx:Resource 2
003e0aea,Doodle 4 Google,"K-12 students, bring your creativity to life in a Doodle for Google logo, use any medium",https://doodles.google.com/d4g/,2023-03-04 00:00:00,30000.0,,UNKNOWN,9dd796c4-40ff-48da-b5bd-4585393b22f7.xlsx:Resource 2
d0ac415b,The Utah High School Entrepenuer Challenge,Utah residents ages 14-18 can enter a business idea. May have a team of up to 5 people.,https://lassonde.utah.edu/hsuec/guide/,2023-02-21 00:00:00,10000.0,,UNKNOWN,9dd796c4-40ff-48da-b5bd-4585393b22f7.xlsx:Resource 2
6c46fbc9,Mohamed Magdi Taha Memorial Scholarship,"Undergraduate student
Black/African/ Preference to students from Sudan
STEM or the arts",https://bold.org/scholarships/mohamed-magdi-taha-memorial-scholarship/,2023-07-01 00:00:00,6000.0,,UNKNOWN,9dd796c4-40ff-48da-b5bd-4585393b22f7.xlsx:Resource 2
4522e9f7,Samuel L. Goodman Educational Scholarship,"Undergraduate student (two or four-year degree program)
African American
3.0 or higher",https://bold.org/scholarships/samuel-l-goodman-educational-scholarship/,2023-01-15 00:00:00,2000.0,,UNKNOWN,9dd796c4-40ff-48da-b5bd-4585393b22f7.xlsx:Resource 2
5e306b91,$1000 Genius Loci Scholarship,This is a lottery scholarship. Students need to be at least 13 to enter the drawing.,https://www.scholarshippoints.com/win5/?st=2361&offer_id=11&aff_sub=scholarship1&aff_sub2=Pinnacle15370&transaction_id=1024a5626e286816bbf956de881e3b&utm_source=&utm_medium=Affiliate&utm_campaign=ScholarshipPoints%2B%2410%2C000%2BScholarship%2B(CPA)&,Monthly,10000.0,,UNKNOWN,9dd796c4-40ff-48da-b5bd-4585393b22f7.xlsx:Resource 2
bd3a90ec,Steel Root Scholarship,Open to current Juniors who will pursue an career in Cyber Security and Technology,https://c3isit.com/about-us/steel-root-scholarship/,2023-10-31 00:00:00,10000.0,,UNKNOWN,9dd796c4-40ff-48da-b5bd-4585393b22f7.xlsx:Resource 2
9a4d7ba2,USPAACC Scholarship,Applicants must be of Asian-Pacific Island heritage and live in the United States.,https://fs25.formsite.com/i42EXM/agpem7py5n/index.html,2023-03-31 00:00:00,3000.0,,UNKNOWN,9dd796c4-40ff-48da-b5bd-4585393b22f7.xlsx:Resource 2
f7bd2b7e,GoSkills Be the Boss Scholarship,Open to any high school female student who wants to start her own online business,https://www.goskills.com/scholarship,2023-09-15 00:00:00,2000.0,,UNKNOWN,9dd796c4-40ff-48da-b5bd-4585393b22f7.xlsx:Resource 2
af751b8b,Clifford B Bushnell Scholorship,"Long Form, EFC taken into consideration, Nevermind 2024 is next time available",https://www.urbanleagueroc.org/s/BushnellApplication20191.pdf,2024-04-27 00:00:00,$1000 a year for up to 5 years,,UNKNOWN,b7eb9051-edb0-4ee1-aee1-10d7abb5f17f.xlsx:Resource 1
85a2fed7,Rubincam Youth Award,"High School Students grades 9-12, Submit an Appropriately Prepared genealogy.",https://www.ngsgenealogy.org/competitions/rubincam-youth-award/,2023-12-15 00:00:00,500.0,,UNKNOWN,9dd796c4-40ff-48da-b5bd-4585393b22f7.xlsx:Resource 2
a952fbc0,Pretty Actions Scholarship,This is an annual scholarship open to seniors. Learn more on their website.,https://www.lightroompresets.com/pages/pretty-photoshop-actions-scholarship-program,2023-10-15 00:00:00,500.0,,UNKNOWN,9dd796c4-40ff-48da-b5bd-4585393b22f7.xlsx:Resource 2
45bf3c79,10 Words or less Scholarshop,"Ages 14-25, attending college in Fall 2023, Submit response to essay prompt",https://studentscholarships.org/easy.php,2023-11-15 00:00:00,1000.0,,UNKNOWN,9dd796c4-40ff-48da-b5bd-4585393b22f7.xlsx:Resource 2
d214384e,Elks National Foundation Legacy Award,child or grandchild of an current Elks Member. must be a senior student,https://www.elks.org/scholars/scholarships/legacy.cfm#WhoIsEligible,2023-02-06 00:00:00,300 awards of $4000,,UNKNOWN,9dd796c4-40ff-48da-b5bd-4585393b22f7.xlsx:Resource 2
908e49ab,"LetGrow ""Think for Yourself"" Scholarship","High School Student, 500 word essay based on prompt provided on website",https://letgrow.org/program/think-for-yourself-scholarship/,2023-04-30 00:00:00,up to $5000,,UNKNOWN,9dd796c4-40ff-48da-b5bd-4585393b22f7.xlsx:Resource 2
5f1050ad,Sons Of Utah Pioneers,Any graduating senior planning to attend a post-secondary institution.,Application in room A226,2023-04-01 00:00:00,1500.0,,UNKNOWN,9dd796c4-40ff-48da-b5bd-4585393b22f7.xlsx:Resource 2
3e9fcff4,Westridge Elementary School Scholarship,Open to seniors who attended Westridge Elementary School. 1 page Essay,Paper Application available in A143/CCC Turn in to Mrs. Castillo by 3pm!,2023-05-09 00:00:00,500.0,,UNKNOWN,9dd796c4-40ff-48da-b5bd-4585393b22f7.xlsx:Resource 2
0e377201,McDonald's HACER National Scholarship,"Senior, US Legal Resident, DREAMer or DACAmented, 2.8 GPA or higher",https://www.mcdonalds.com/us/en-us/community/hacer.html,2023-02-03 00:00:00,"30 awards of $100,000",,UNKNOWN,9dd796c4-40ff-48da-b5bd-4585393b22f7.xlsx:Resource 2
8f168c50,Canadian Fellowship of Engineering Women,Many Scholarships most after the first year.  Check back in October,https://cfuw.org/fellowships-awards/list-of-fellowships-and-awards/,Varies,Varies,,UNKNOWN,9dd796c4-40ff-48da-b5bd-4585393b22f7.xlsx:Scholarship Main
1e7f8115,NROTC at U of U,"High School Senior, ACT scores of 21 Math, 22 English, 47 Combined",stephanie.varnell@navy.mil or come to the CCC for more information,TBA,Full tuition for up to 4 years at the University of Utah,,UNKNOWN,9dd796c4-40ff-48da-b5bd-4585393b22f7.xlsx:Resource 2
1eabe1f4,Web Design Scholarship,Submit an original web design page to show how creative you are!,https://www.loungelizard.com/scholarship/,2023-10-03 00:00:00,1000.0,,UNKNOWN,9dd796c4-40ff-48da-b5bd-4585393b22f7.xlsx:Resource 2
18b65ab9,Principals Leadership,"Paper Applictaion in CCC or A226, Transcript and short essay.",Paper Applictaion,2023-05-10 00:00:00,Varies,,UNKNOWN,9dd796c4-40ff-48da-b5bd-4585393b22f7.xlsx:Resource 2
46f96731,Darren Hirsche,"Paper Applictaion in CCC or A226, Transcript and short essay.",Paper Application,2023-05-10 00:00:00,Varies,,UNKNOWN,9dd796c4-40ff-48da-b5bd-4585393b22f7.xlsx:Resource 2
42b3c9c4,National Society of Black Engineers (NSBE) and Corporate Scholarship,"Need a NSBE membership
A Variety of 5000-10,0000 scholarships","https://nsbe.smapply.io/
https://www.nsbe.org/collegiate/education/scholarships",2024-06-01 00:00:00,Varies,,UNKNOWN,9dd796c4-40ff-48da-b5bd-4585393b22f7.xlsx:Scholarship Main
4c6e2283,What do you want to be when you grow up Art Contest,Open to all students. Submit original works of art online.,https://nvigate.gov/contest/,2023-10-13 00:00:00,$250 - $1000,,UNKNOWN,9dd796c4-40ff-48da-b5bd-4585393b22f7.xlsx:Resource 2
29dfb90d,Jaqaun Webb Scholarship,"High school senior
3.0 or higher
Black/African American",https://bold.org/scholarships/jaqaun-webb-scholarship/,2023-04-05 00:00:00,500.0,,UNKNOWN,9dd796c4-40ff-48da-b5bd-4585393b22f7.xlsx:Resource 2
1e88f986,AICPA Legacy Scholarships,Students Interested in pursuing a career in accounting,https://www.thiswaytocpa.com/education/aicpa-legacy-scholarships/,2023-03-01 00:00:00,Varies,,UNKNOWN,9dd796c4-40ff-48da-b5bd-4585393b22f7.xlsx:Resource 2
1e905ba9,University of utah Scholarships,seniors planning on attending University of Utah,https://financialaid.utah.edu/types-of-aid/scholarships/freshman/index.php,2023-02-01 00:00:00,Awards vary by Scholarship,,UNKNOWN,9dd796c4-40ff-48da-b5bd-4585393b22f7.xlsx:Resource 2
1d620cad,"""No Sweat"" Scholarship",No income or GPA requirements and no long essay.,https://www.cirkledin.com/scholarships,2023-06-30 00:00:00,2500.0,,UNKNOWN,b7eb9051-edb0-4ee1-aee1-10d7abb5f17f.xlsx:Resource 1
a78bfb66,"See Us, Hear Us: Climate Justice",Advocate for climate justice in your community,https://www.dosomething.org/us/stories/climate-justice,Varies,2500.0,,UNKNOWN,9dd796c4-40ff-48da-b5bd-4585393b22f7.xlsx:Resource 2
32d54745,North Dakota State University - First Year Scholarship Opportunities,Must be admitted to NDSU before you can apply.,https://www.ndsu.edu/admission/financial_aid/first_year_scholarships,2022-02-01 00:00:00,Varies,,UNKNOWN,b7eb9051-edb0-4ee1-aee1-10d7abb5f17f.xlsx:Resource 1
d415a917,Utah Prime Program Scholarship,"Opens January 2, 2024 - Utah class of 2024",https://ushe.edu/prime-program-grant/,2024-01-19 00:00:00,$500 - Subject to available funding,,UNKNOWN,9dd796c4-40ff-48da-b5bd-4585393b22f7.xlsx:Resource 2
ab235095,NOAA Undergraduate,NOAA Undergraduate  - Opens in September,https://www.noaa.gov/office-education/epp-msi/undergraduate-scholarship,2023-12-01 00:00:00,45000.0,,UNKNOWN,b7eb9051-edb0-4ee1-aee1-10d7abb5f17f.xlsx:Resource 1
b1a6d041,OUT to Innovate,LGBTQ+ students pursuing a STEM career,https://webportalapp.com/sp/login/oti_scholarships_22,2023-06-04 00:00:00,Vaires,,UNKNOWN,9dd796c4-40ff-48da-b5bd-4585393b22f7.xlsx:Resource 2
4f848f19,Happy Day Scholarship,Closed for now STEM.  Check next year,https://naacp.org/find-resources/scholarships-awards-internships/scholarships/happy-day-scholarship,Did not reopen check January,12500.0,,UNKNOWN,b7eb9051-edb0-4ee1-aee1-10d7abb5f17f.xlsx:Resource 1
09d1c554,NAACP Smile Direct Club Scholarship,Closed now for STEM check next year,SmileDirectClub Scholarship | NAACP,Did not reopen check January,"$15,000 total",,UNKNOWN,b7eb9051-edb0-4ee1-aee1-10d7abb5f17f.xlsx:Resource 1
59082222,American Legion: Samsung Scholarship,Must attend Boys or Girls State,https://www.legion.org/scholarships/samsung,2023-06-30 00:00:00,Varies,,UNKNOWN,9dd796c4-40ff-48da-b5bd-4585393b22f7.xlsx:Resource 2
53aa5b6f,UIAAA Student-Athlete Scholarship,Become a member of the UIAAA,https://uiaaa.org/uiaaa-student-athlete-scholarship-applications-2/,"Janurary 31, 2023",Varies,,UNKNOWN,9dd796c4-40ff-48da-b5bd-4585393b22f7.xlsx:Resource 2
bbd5f82d,Keys to Success: MTEC Scholarship,senior student going to MTEC,Keys to Success App,Now Open,500.0,,UNKNOWN,9dd796c4-40ff-48da-b5bd-4585393b22f7.xlsx:Resource 2
cf5dfb29,Sallie Mae Scholarship,Open to high school seniors.,https://www.salliemae.com/scholarships/2k-scholarship/?dtd_cell=SMPLSODCZPPSOTOTOTHOTHRN010000&utm_source=h2win&utm_medium=cpc&utm_campaign=acq1p_htws_s_u_u_sch_u_u&utm_content=bau,Last day of each month,2000.0,,UNKNOWN,9dd796c4-40ff-48da-b5bd-4585393b22f7.xlsx:Resource 2
8d3abf55,Girls & Boys State Opens,Check Websites for details,https://apps.weber.edu/girlsstate/ https://www.legion.org/boysnation/about,"Janurary, 1,2023",Summer Program,,UNKNOWN,9dd796c4-40ff-48da-b5bd-4585393b22f7.xlsx:Resource 2
60436578,Nitro No-Essay Scholarhsip,Be a High School Student,https://www.nitrocollege.com/nitro-scholarship-application?utm_source=cpc&utm_medium=unigo&utm_campaign=unigo_student_grad,Monthly,2000.0,,UNKNOWN,9dd796c4-40ff-48da-b5bd-4585393b22f7.xlsx:Resource 2
18751a32,Human Rights Essay Contest,https://khref.org/flyer/,https://khref.org/flyer/,2023-12-10 00:00:00,4000.0,,UNKNOWN,b7eb9051-edb0-4ee1-aee1-10d7abb5f17f.xlsx:Resource 1
eba02706,4-H Youth in Action Awards,See website for details,https://4-h.org/parents/4-h-youth-in-action-awards/#!2023-application,2023-03-28 00:00:00,5000.0,,UNKNOWN,9dd796c4-40ff-48da-b5bd-4585393b22f7.xlsx:Resource 2
7ba99800,Denny's Hungry for Education Scholarship,See website for details,https://www.dennyshungryforeducation.com/,Varies,Varies,,UNKNOWN,9dd796c4-40ff-48da-b5bd-4585393b22f7.xlsx:Resource 2
093e2b82,Information Security Undergraduate Scholarship,senior with 3.3 GPA,https://iamcybersafe.org/s/undergraduate-scholarships,2023-02-20 00:00:00,20 awards of up to $5000,,UNKNOWN,9dd796c4-40ff-48da-b5bd-4585393b22f7.xlsx:Resource 2
64059cc6,CollegeXpress No-Essay Scholarship,High School student,https://bold.org/scholarships/collegexpress-no-essay-scholarship/#ref=great-scholarships,Monthly,1200.0,,UNKNOWN,9dd796c4-40ff-48da-b5bd-4585393b22f7.xlsx:Resource 2
23a46973,"$2,000 ""No Essay"" College Scholarship™",High School Student,https://www.niche.com/colleges/scholarships/no-essay-scholarship/,Monthly on the 31st,2000.0,,UNKNOWN,9dd796c4-40ff-48da-b5bd-4585393b22f7.xlsx:Resource 2
8202ef7d,"$50,000 You Matter Scholarship",High School Senior,https://myscholly.com/ymuscholarship?utm_source=unigo&utm_medium=affiliate&utm_campaign=b2c&utm_term=partnership,2023-11-30 00:00:00,"$10,000 (5 awards)",,UNKNOWN,9dd796c4-40ff-48da-b5bd-4585393b22f7.xlsx:Resource 2
73a0fec7,Impact Scholorship,"Essay, Not likely.",https://www.urbanleagueroc.org/s/Day-Place-Alumni-Association-Scholarship-Application-2019.pdf,2024-04-01 00:00:00,Not specified,,UNKNOWN,b7eb9051-edb0-4ee1-aee1-10d7abb5f17f.xlsx:Resource 1
a9df3007,UofU LGBTQ+ Scholarships,Varies,https://lgbt.utah.edu/resources/scholarships.php,"Februrary 22, 2023",Varies: See website for more details,,UNKNOWN,9dd796c4-40ff-48da-b5bd-4585393b22f7.xlsx:Resource 2
e635f53c,https://www.jkcf.org/our-scholarships/,,,Varies,Varies,,UNKNOWN,9dd796c4-40ff-48da-b5bd-4585393b22f7.xlsx:Other Sites for searching
5210fdf2,https://www.coca-colascholarsfoundation.org/,,,Varies,Varies,,UNKNOWN,9dd796c4-40ff-48da-b5bd-4585393b22f7.xlsx:Other Sites for searching
ab9d7480,The Gates Millennium Scholars Program:,,,Varies,Varies,,UNKNOWN,9dd796c4-40ff-48da-b5bd-4585393b22f7.xlsx:Other Sites for searching
14347af7,https://gmsp.org/,,,Varies,Varies,,UNKNOWN,9dd796c4-40ff-48da-b5bd-4585393b22f7.xlsx:Other Sites for searching
e07ec4f1,The Horatio Alger Association National Scholarship Program:,,,Varies,Varies,,UNKNOWN,9dd796c4-40ff-48da-b5bd-4585393b22f7.xlsx:Other Sites for searching
4e0f2b7e,https://...,,,Varies,Varies,,UNKNOWN,9dd796c4-40ff-48da-b5bd-4585393b22f7.xlsx:Other Sites for searching
07c411e0,Pell Grant:,,,Varies,Varies,,UNKNOWN,9dd796c4-40ff-48da-b5bd-4585393b22f7.xlsx:Other Sites for searching
351e6127,https://studentaid.gov/understand-aid/types/grants/pell,,,Varies,Varies,,UNKNOWN,9dd796c4-40ff-48da-b5bd-4585393b22f7.xlsx:Other Sites for searching
df25a69f,Federal Supplemental Educational Opportunity Grant (FSEOG):,,,Varies,Varies,,UNKNOWN,9dd796c4-40ff-48da-b5bd-4585393b22f7.xlsx:Other Sites for searching
94a30553,State Grants:,,,Varies,Varies,,UNKNOWN,9dd796c4-40ff-48da-b5bd-4585393b22f7.xlsx:Other Sites for searching
9204d401,https://bigfuture.collegeboard.org/pay-for-college/scholarships-grants-loans,,,Varies,Varies,,UNKNOWN,9dd796c4-40ff-48da-b5bd-4585393b22f7.xlsx:Other Sites for searching
98c18a16,Scholarships for Students with Disabilities:,,,Varies,Varies,,UNKNOWN,9dd796c4-40ff-48da-b5bd-4585393b22f7.xlsx:Other Sites for searching
5d413c20,https://www.fastweb.com/financial-aid/articles/financial-aid-for-students-with-disabilities,,,Varies,Varies,,UNKNOWN,9dd796c4-40ff-48da-b5bd-4585393b22f7.xlsx:Other Sites for searching
f01e962d,Scholarships for Minority Students:,,,Varies,Varies,,UNKNOWN,9dd796c4-40ff-48da-b5bd-4585393b22f7.xlsx:Other Sites for searching
369f7757,Scholarships for Women:,,,Varies,Varies,,UNKNOWN,9dd796c4-40ff-48da-b5bd-4585393b22f7.xlsx:Other Sites for searching
f329c1cc,https://www.fastweb.com/directory/scholarships-for-women,,,Varies,Varies,,UNKNOWN,9dd796c4-40ff-48da-b5bd-4585393b22f7.xlsx:Other Sites for searching
9064f369,Scholarships for Veterans:,,,Varies,Varies,,UNKNOWN,9dd796c4-40ff-48da-b5bd-4585393b22f7.xlsx:Other Sites for searching
4fbdf519,Scholarships for Students in Specific Majors:,,,Varies,Varies,,UNKNOWN,9dd796c4-40ff-48da-b5bd-4585393b22f7.xlsx:Other Sites for searching
7631a555,SITES FOR CONTINUING COLLEGE SEARCH,,,Varies,Varies,,UNKNOWN,9dd796c4-40ff-48da-b5bd-4585393b22f7.xlsx:Other Sites for searching
397ce084,CollegeNet,,,Varies,Varies,,UNKNOWN,9dd796c4-40ff-48da-b5bd-4585393b22f7.xlsx:Other Sites for searching
2ab28d00,Cappex,,,Varies,Varies,,UNKNOWN,9dd796c4-40ff-48da-b5bd-4585393b22f7.xlsx:Other Sites for searching
5a1ff677,Peterson's,,,Varies,Varies,,UNKNOWN,9dd796c4-40ff-48da-b5bd-4585393b22f7.xlsx:Other Sites for searching
357b57ca,Scholly,,,Varies,Varies,,UNKNOWN,9dd796c4-40ff-48da-b5bd-4585393b22f7.xlsx:Other Sites for searching
34b496af,ScholarshipOwl,,,Varies,Varies,,UNKNOWN,9dd796c4-40ff-48da-b5bd-4585393b22f7.xlsx:Other Sites for searching
58ebd6b5,College Raptor,,,Varies,Varies,,UNKNOWN,9dd796c4-40ff-48da-b5bd-4585393b22f7.xlsx:Other Sites for searching
cdd70b0f,Scholarships.com,,,Varies,Varies,,UNKNOWN,9dd796c4-40ff-48da-b5bd-4585393b22f7.xlsx:Other Sites for searching
3bc41244,U.S. News & World Report College Scholarship Guide,,,Varies,Varies,,UNKNOWN,9dd796c4-40ff-48da-b5bd-4585393b22f7.xlsx:Other Sites for searching
547b79a3,My FAFSA,,,Varies,Varies,,UNKNOWN,9dd796c4-40ff-48da-b5bd-4585393b22f7.xlsx:Other Sites for searching
52250629,FinAid,,,Varies,Varies,,UNKNOWN,9dd796c4-40ff-48da-b5bd-4585393b22f7.xlsx:Other Sites for searching
410ec502,NCES College Navigator,,,Varies,Varies,,UNKNOWN,9dd796c4-40ff-48da-b5bd-4585393b22f7.xlsx:Other Sites for searching
1d491d96,College Board Scholarship Search,,,Varies,Varies,,UNKNOWN,9dd796c4-40ff-48da-b5bd-4585393b22f7.xlsx:Other Sites for searching
d8623838,The Princeton Review,,,Varies,Varies,,UNKNOWN,9dd796c4-40ff-48da-b5bd-4585393b22f7.xlsx:Other Sites for searching
12b13027,College Scholarship Plan,,,Varies,Varies,,UNKNOWN,9dd796c4-40ff-48da-b5bd-4585393b22f7.xlsx:Other Sites for searching
fea230ce,Name of Scholarship,,,Varies,Varies,,UNKNOWN,9dd796c4-40ff-48da-b5bd-4585393b22f7.xlsx:Resource 1
19f97a51,Oahe Racers Association Scholarship,,,Varies,Varies,,UNKNOWN,9dd796c4-40ff-48da-b5bd-4585393b22f7.xlsx:Resource 1
9cef67b4,Jean Bower Scholarship through Dakota Alliance Soccer Club,,,Varies,Varies,,UNKNOWN,9dd796c4-40ff-48da-b5bd-4585393b22f7.xlsx:Resource 1
1b5b676b,Gordon Horgen Scholarship,,,Varies,Varies,,UNKNOWN,9dd796c4-40ff-48da-b5bd-4585393b22f7.xlsx:Resource 1
71c3e278,Gene Abdallah Scholarship,,,Varies,Varies,,UNKNOWN,9dd796c4-40ff-48da-b5bd-4585393b22f7.xlsx:Resource 1
6c8ed3a2,"Fashion Schools ""Aspiring Fashion Professional"" Scholarship",,,Varies,Varies,,UNKNOWN,9dd796c4-40ff-48da-b5bd-4585393b22f7.xlsx:Resource 1
736bed6b,Maryland Scholarship,,,Varies,Varies,,UNKNOWN,9dd796c4-40ff-48da-b5bd-4585393b22f7.xlsx:Scholarship Main
b7996030,Paychex,,,Varies,Varies,,UNKNOWN,9dd796c4-40ff-48da-b5bd-4585393b22f7.xlsx:Scholarship Main
358ea659,Lexi Nasa,,,Varies,Varies,,UNKNOWN,9dd796c4-40ff-48da-b5bd-4585393b22f7.xlsx:Scholarship Main
41de17d8,GE Foundation Scholarship Program,,,Varies,Varies,,UNKNOWN,9dd796c4-40ff-48da-b5bd-4585393b22f7.xlsx:Scholarship Main
9f7f5cb2,Step 1: Understand the Different Types of Financial Aid,,,Varies,Varies,,UNKNOWN,9dd796c4-40ff-48da-b5bd-4585393b22f7.xlsx:Plan for obtaining funding for 
8821cda2,"Before embarking on the financial aid journey, it's crucial to understand the different types of options available and their implications.",,,Varies,Varies,,UNKNOWN,9dd796c4-40ff-48da-b5bd-4585393b22f7.xlsx:Plan for obtaining funding for 
fed0f77d,"Scholarships: Scholarships are merit-based awards that do not require repayment. They are typically awarded based on academic achievement, extracurricular involvement, or other factors such as leadership potential or artistic talent.",,,Varies,Varies,,UNKNOWN,9dd796c4-40ff-48da-b5bd-4585393b22f7.xlsx:Plan for obtaining funding for 
e53ab19d,Grants: Grants are need-based financial aid that does not require repayment. They are typically awarded to students from low-income families or those with demonstrated financial need.,,,Varies,Varies,,UNKNOWN,9dd796c4-40ff-48da-b5bd-4585393b22f7.xlsx:Plan for obtaining funding for 
c885c297,"Loans: Loans are funds that must be repaid, with interest, over time. They are available to students regardless of financial need and can be a valuable option for covering the remaining costs of education after scholarships and grants have been applied.",,,Varies,Varies,,UNKNOWN,9dd796c4-40ff-48da-b5bd-4585393b22f7.xlsx:Plan for obtaining funding for 
cd95cb7f,Step 2: Start Early and Plan Ahead,,,Varies,Varies,,UNKNOWN,9dd796c4-40ff-48da-b5bd-4585393b22f7.xlsx:Plan for obtaining funding for 
557438fd,"The search for financial aid should begin early, ideally in the high school years. Many scholarships and grants have application deadlines as early as the fall of the senior year, so starting early gives students a better chance of securing funding.",,,Varies,Varies,,UNKNOWN,9dd796c4-40ff-48da-b5bd-4585393b22f7.xlsx:Plan for obtaining funding for 
b61825e5,Step 3: Identify Potential Sources of Financial Aid,,,Varies,Varies,,UNKNOWN,9dd796c4-40ff-48da-b5bd-4585393b22f7.xlsx:Plan for obtaining funding for 
e2131a4e,"There are numerous sources of financial aid, including:",,,Varies,Varies,,UNKNOWN,9dd796c4-40ff-48da-b5bd-4585393b22f7.xlsx:Plan for obtaining funding for 
f63a3cc2,"Federal government: The U.S. Department of Education offers a variety of grants and loans, including the Pell Grant and the Direct Subsidized Loan.",,,Varies,Varies,,UNKNOWN,9dd796c4-40ff-48da-b5bd-4585393b22f7.xlsx:Plan for obtaining funding for 
4079db77,"State governments: Many states offer their own financial aid programs, often based on financial need and residency.",,,Varies,Varies,,UNKNOWN,9dd796c4-40ff-48da-b5bd-4585393b22f7.xlsx:Plan for obtaining funding for 
244bfd11,"Colleges and universities: Most colleges and universities offer their own scholarships and grants, often based on academic achievement or specific areas of study.",,,Varies,Varies,,UNKNOWN,9dd796c4-40ff-48da-b5bd-4585393b22f7.xlsx:Plan for obtaining funding for 
a3ce177f,"Private organizations: Numerous private foundations, corporations, and community groups offer scholarships and grants based on various criteria.",,,Varies,Varies,,UNKNOWN,9dd796c4-40ff-48da-b5bd-4585393b22f7.xlsx:Plan for obtaining funding for 
32659d63,Step 4: Complete the Free Application for Federal Student Aid (FAFSA),,,Varies,Varies,,UNKNOWN,9dd796c4-40ff-48da-b5bd-4585393b22f7.xlsx:Plan for obtaining funding for 
2d7bbd0b,"The FAFSA is the gateway to federal and state financial aid. It is required for all students seeking financial aid, regardless of their family's income. The FAFSA is typically completed in the spring of the junior year of high school.",,,Varies,Varies,,UNKNOWN,9dd796c4-40ff-48da-b5bd-4585393b22f7.xlsx:Plan for obtaining funding for 
12e27c62,Step 5: Research and Apply for Scholarships,,,Varies,Varies,,UNKNOWN,9dd796c4-40ff-48da-b5bd-4585393b22f7.xlsx:Plan for obtaining funding for 
5224735c,"There are numerous scholarship search websites and resources available to help students find scholarships that match their interests, academic achievements, and background. Some popular scholarship search websites include:",,,Varies,Varies,,UNKNOWN,9dd796c4-40ff-48da-b5bd-4585393b22f7.xlsx:Plan for obtaining funding for 
a7b457cc,Opens in a new windowwww.fastweb.com,,,Varies,Varies,,UNKNOWN,9dd796c4-40ff-48da-b5bd-4585393b22f7.xlsx:Plan for obtaining funding for 
09d09380,Fastweb scholarship search website,,,Varies,Varies,,UNKNOWN,9dd796c4-40ff-48da-b5bd-4585393b22f7.xlsx:Plan for obtaining funding for 
6402a125,Opens in a new windowrecsupport.commonapp.org,,,Varies,Varies,,UNKNOWN,9dd796c4-40ff-48da-b5bd-4585393b22f7.xlsx:Plan for obtaining funding for 
b48d499d,CollegeBoard's Scholarship Search website,,,Varies,Varies,,UNKNOWN,9dd796c4-40ff-48da-b5bd-4585393b22f7.xlsx:Plan for obtaining funding for 
1727c27e,Opens in a new windowwww.amazon.com,,,Varies,Varies,,UNKNOWN,9dd796c4-40ff-48da-b5bd-4585393b22f7.xlsx:Plan for obtaining funding for 
4e2e7c41,Step 6: Prepare Strong Application Materials,,,Varies,Varies,,UNKNOWN,9dd796c4-40ff-48da-b5bd-4585393b22f7.xlsx:Plan for obtaining funding for 
ccf8a82a,"Most scholarship applications require essays, letters of recommendation, and transcripts. It's important to start preparing these materials well in advance, ensuring they are well-written, error-free, and showcase the student's strengths and achievements.",,,Varies,Varies,,UNKNOWN,9dd796c4-40ff-48da-b5bd-4585393b22f7.xlsx:Plan for obtaining funding for 
718bb7fe,Step 7: Meet Deadlines and Stay Organized,,,Varies,Varies,,UNKNOWN,9dd796c4-40ff-48da-b5bd-4585393b22f7.xlsx:Plan for obtaining funding for 
56e246df,"Financial aid deadlines can vary widely, so it's crucial to keep track of important dates and submit applications promptly. Staying organized and maintaining a detailed record of applications can help avoid missed opportunities.",,,Varies,Varies,,UNKNOWN,9dd796c4-40ff-48da-b5bd-4585393b22f7.xlsx:Plan for obtaining funding for 
335658b2,Step 8: Consider Work-Study Programs,,,Varies,Varies,,UNKNOWN,9dd796c4-40ff-48da-b5bd-4585393b22f7.xlsx:Plan for obtaining funding for 
63b03abe,"Work-study programs allow students to earn money to help pay for college expenses while attending school part-time. These programs can be a valuable source of funding, especially for students who want to contribute to their education costs.",,,Varies,Varies,,UNKNOWN,9dd796c4-40ff-48da-b5bd-4585393b22f7.xlsx:Plan for obtaining funding for 
194a3344,Step 9: Explore Alternative Funding Options,,,Varies,Varies,,UNKNOWN,9dd796c4-40ff-48da-b5bd-4585393b22f7.xlsx:Plan for obtaining funding for 
eda89acb,Step 10: Seek Guidance from Financial Aid Professionals,,,Varies,Varies,,UNKNOWN,9dd796c4-40ff-48da-b5bd-4585393b22f7.xlsx:Plan for obtaining funding for 
09b6304b,"Financial aid professionals at colleges, high schools, and community organizations can provide valuable guidance and assistance throughout the financial aid process. They can help students understand their options, complete applications, and make informed decisions about funding their college education.",,,Varies,Varies,,UNKNOWN,9dd796c4-40ff-48da-b5bd-4585393b22f7.xlsx:Plan for obtaining funding for 
b669f32b,Conclusion,,,Varies,Varies,,UNKNOWN,9dd796c4-40ff-48da-b5bd-4585393b22f7.xlsx:Plan for obtaining funding for 
216558de,"Funding a college education can be a daunting task, but with careful planning, research, and a proactive approach, families can navigate the financial aid landscape and find the resources they need to make college dreams a reality. Remember, the key is to start early, explore all available options, and seek guidance when needed.",,,Varies,Varies,,UNKNOWN,9dd796c4-40ff-48da-b5bd-4585393b22f7.xlsx:Plan for obtaining funding for 
424ead48,DOD Scholarship,,https://www.smartscholarship.org/smart?id=smart_index,Varies,Varies,,UNKNOWN,dd918db9-7ae8-4f4e-a149-1ad5165294c2.xlsx:Scholarship Main
