id,name,criteria,link,deadline,amount,need_based
d65e378d,Clifford B Bushnell Scholorship,"Long Form, EFC taken into consideration, Nevermind 2024 is next time available",https://www.urbanleagueroc.org/s/BushnellApplication20191.pdf,2026-04-27,$1000 a year for up to 5 years,
1ef7b109,Impact Scholorship,"Essay, Not likely.",https://www.urbanleagueroc.org/s/Day-Place-Alumni-Association-Scholarship-Application-2019.pdf,2026-04-01,Varies,
a3287e91,Jackie Robinson Foundation,"To be eligible for a Jackie Robinson Foundation Scholarship, an applicant must: - Be a graduating, minority high school senior - Be a United States citizen - Present evidence of financial need - Demonstrate a record of academic excellence - Demonstrate leadership potential and a dedication to commun",https://jackierobinson.org/apply/,2026-01-07,7500 a year for 4 years,
f726cdf8,AMS Minority Scholorships,Underrepresented student populations are eligible for this award through the American Meteorological Society. The AMS provides scholarships through donations made by members of the AMS Giving Program. These are two-year scholarships distributed once per year.,https://www.ametsoc.org/ams/index.cfm/information-for/students/ams-scholarships-and-fellowships/ams-minority-scholarships/,2026-02-01,"$6,000",
225c8cc8,Happy Day Scholarship,Closed for now STEM.  Check next year,https://naacp.org/find-resources/scholarships-awards-internships/scholarships/happy-day-scholarship,2026-01-01,"$12,500",
452f6bf8,NAACP Smile Direct Club Scholarship,Closed now for STEM check next year,SmileDirectClub Scholarship | NAACP,2026-01-01,"$15,000 total",
b549876d,NOAA Undergraduate,NOAA Undergraduate  - Opens in September,https://www.noaa.gov/office-education/epp-msi/undergraduate-scholarship,2026-12-01,"$45,000",
e2afb966,Thurgood Marshall College Fund offers the Apple Scholars Engineering and Innovat,"Be enrolled full-time as a freshmen, sophomore, junior or senior at a TMCF member-school during the 2023-2024 academic school year. Current cumulative grade point average of 3.0 or higher. Able to demonstrate a financial need. Be a U.S. Citizen or legal permanent resident with a valid permanent resi",https://www.tmcf.org/students-alumni/scholarships/open-scholarships/,2026-06-05,Varies,
9b4cb1dd,Black American Engineering Scholarship,"Applicants must be a Black American incoming college freshman/current high school senior or a student transferring from a two-year program into a four-year program. Applicants must be eligible for Federal Pell Grant funding and able to show proven financial need. Must be a U.S. citizen, national, or",https://www.scholarships.com/financial-aid/college-scholarships/scholarship-directory/academic-major/engineering/black-american-engineering-scholarship-award,2026-01-31,Varies,
7cb4c4b5,National Action Council for Minorities in Engineering (NACME) Scholarships,"ESSAY, RESUME and TRANSCRIPT SUBMISSION REQUIRED  ESSAY TOPIC: TOP 5 things about you that aren’t in this application. Please include a list of 5 things about you that aren’t included in your application. For example, tell as about your career plans, how you spend time outside of school, greatest ex",https://www.nacme.org/nacme-scholarships,2026-07-08,Varies,
42629176,National Society of Black Engineers (NSBE) and Corporate Scholarship,,https://nsbe.smapply.io/ https://www.nsbe.org/collegiate/education/scholarships,2026-06-01,Varies,
cff4ba3e,SME Education Foundation,,https://www.smeef.org/sme-education-foundation-scholarships/scholarship-opportunities/?gclid=CjwKCAjwhdWkBhBZEiwA1ibLmAb5PU2JMfndnKmO5bOeIqYuV7eK_boB7DOSWudXDneTtmNWhsVvghoC5tQQAvD_BwE,2026-11-01,Varies,
7abcad1e,John Evans Engineering Awards,,https://www.cemf.ca/en/john-evans-engineering-entrance-award,2026-10-01,"$5,000",
4db87dec,Canadian Fellowship of Engineering Women,,https://cfuw.org/fellowships-awards/list-of-fellowships-and-awards/,Varies,Varies,
85830350,Insuring A Brighter Tomorrow Scholarship,"Eligibility: South Dakota high school seniors seeking funds to attend a South Dakota college, university, or technical school. Open to Farmers Union Insurance Policyholders, South Dakota Farmers Union Members, or a Participant in any South Dakota High School Activities Association (SDHSAA) sanctione",,2021-03-01 00:00:00,"(25) $1,000",
7f6a4bd2,Marv Veldkamp Softball Scholarship,REQUIREMENTS: 1. Brandon Valley High School Senior – graduating 2021 2. Played BVHS Softball all four years of high school 3. Minimum of two years on the Varsity Team 4. Minimum Cumulative GPA of 3.0 – end Semester one 2020-2021 5. Applicant/winner does not have to play college softball 6. Essay – i,,2021-03-31 00:00:00,$500,
a0a0e64a,South Dakota Weed Fighters Scholarship,"The Association of SD County Weed and Pest Boards is accepting applications for post-secondary scholarships. To be eligible for Weed Fighter’s scholarship you must meet the following requirements:  Must be a citizen of the United States, and a South Dakota resident. Must be a high school graduate, f",,2021-04-02 00:00:00,Minimum of $500 or more,
fbfb93a7,Hy-Vee/Sanford Legends Scholarship,Qualifications: 1. Be a graduating senior as defined by your school in spring of 2022 2. Reside in or around the areas outlined in the map on the application 3. Commit to continue their education at a 2-year or 4-year College or University in the fall directly after graduation 4. Have a high school ,Have not receive update scholarship information,2026-01-21,"(multiple) $5,000 awards",
7cee0d5b,North Dakota State University - First Year Scholarship Opportunities,Must be admitted to NDSU before you can apply.,https://www.ndsu.edu/admission/financial_aid/first_year_scholarships,2026-02-01,Varies,
cd25a4bb,AGC of SD HHU Chapter Scholarships,The AGC of SD Highway-Heavy-Utilities Chapter is committed to providing scholarships for students pursuing a career in a construction-related education program at a college/university or technical institute. Eligible applicants must have a desire to pursue a highway-heavy-utilities construction care,buildsouthdakota.com/scholarships,2026-05-02,Multiple Scholarships Available,
95476610,AITP Omaha Scholarships,"Scholarship opportunity to help further the education of students who are planning to attend or continuting to attend a college, university, community college, or technical school in Nebraska, Iowa, Missouri, Kansas, North Dakota, or South Dakota, with the goal of achieving an associate's or bachelo",http://www.aitpomaha.com/scholarship-information.html,2026-06-01,Several,
3c859a23,AES Scholarship,Scholarships are intended for our future leaders across a wide spectrum of fields of study. This award is available to high school seniors and all students attending a post secondary educational facility. You are NOT required to be taking engineering courses to be eligible. Students must submit an e,http://www.aesengineers.com/scholarships.php,2026-08-31,$500,
6cb3c962,Hispanic Heritage Youth Awards,"To be considered, students must meet the following criteria: Be currently enrolled in high school and graduating in the spring of 2023, Must have a minimum unweighted 3.0 GPA on a 4.0 scale, Must enroll at an accredited higher education institution in 2023-2024 Be of Hispanic heritage (includes Spai",https://hhfawards.hispanicheritage.org/2023/forms/welcome.php,2026-11-13,"$4,000",No
68509034,Good Father Augustus Tolton Scholarship at Mount Marty University,"Qualifications: Must plan to attend Mount Marty University. Cumulative unweighted high school or college GPA of 3.2 or higher. Not participating in athletics at Mount Marty. Be willing to actively participate in diversity, equity, and inclusion initiatives at Mount Marty. Submitted your application ",Scholarship details & Application,2026-01-15,"$4,000",
6e15ae7d,Northwestern Mutual Childhood Cancer Sibling Scholarship Program,"Be siblings of individuals who are in current treatment, have survived or passed away from childhood cancer. Applicants must upload an Affidavit, signed by Parent or Legal Guardian, confirming your status as a Sibling of someone who is currently in treatment, has survived or passed away from childho",https://learnmore.scholarsapply.org/nmsibling/,2026-02-01,"(10) $5,000",
441f6c9a,Northwestern Mutual Childhood Cancer Survivor Scholarship Program,"Be pediatric cancer survivors, age 25 and under, who have been diagnosed by a physician as having had treatment for and survived cancer. Applicants who are selected as finalists will be asked to provide a medical verification form. Be high school seniors, high school graduates or current post-second",https://learnmore.scholarsapply.org/nmsurvivors/,2026-02-01,"(25) $5,000",
203cf35e,KPMG Future Leaders Program for Senior Girls,Applicant criteria includes: o High school senior girl planning to enroll in a 4-year undergraduate program for the upcoming fall semester o Demonstrate a significant financial need o Proven track record of academic excellence and leadership potential o Minimum 3.5 cumulative GPA o Interest in a bus,KPMG Application,2026-02-01,"$10,000 annual scholarship for 4 years",
49cf9811,Elks Legacy Award,"For the 2023 contest, any child or grandchild (or step-child, step-grandchild, or legal ward) of a living Elk who joined the order on or before April 1, 2020, or a charter member of a Lodge that was instituted on or after April 1, 2020, is eligible to apply. The Elk must also be a paid-up member thr",https://www.elks.org/scholars/scholarships/legacy.cfm,2026-02-06,"$4,000",
b2d12189,Foundation for Rural Service College Scholarship,"Each applicant must: • Be a graduating high school senior. • Be a United States citizen. • Be sponsored by a current NTCA–The Rural Broadband Association member (Alliance Communications) • Be accepted by an accredited two- or four-year college, university or vocational-technical school. • Have at le",https://www.frs.org/programs/youth-programs/scholarships,2026-02-08,"$500-$7,000",
8b9ee581,VIBZ Scholarship,"• Scholarship applicants MUST be high school seniors, 19 years of age or younger, and enrolled in VIBZ at BHFCU. • The scholarship is designated for the 2023-2024 school year and must be used to attend an accredited vocational school, technical school, college, or university. Complete VIBZ Scholarsh",https://www.bhfcu.com/explore/learn/blog/vibz-scholarships-available,2026-02-10,"(10) $2,000",
43608946,CHS Scholarship,"Attention post-secondary bound students! We’re looking for the next generation of rural leaders, future producers and those passionate about the agricultural industry.Applicants must be a high school senior from the local CHS trade area, have a desire to work with the agricultural field and show enr",https://www.chsbrandon.com/scholarships/,2026-02-10,"(4) $2,500",
de5a38a9,POET Never Satisfied Scholarship,"Open to senior students enrolling for Fall Semester 2022 in any two- or four-year post-secondary school, regardless of major or GPA. Never Satisfied Scholars receive up to $5,000 each, and will have the opportunity to visit the POET Sioux Falls campus during the school year.",https://poet.com/neversatisfied,2026-02-13,"Up to $5,000",
f8ba2676,VFW Continuing Education Scholarship,"Applicant must be 18 years of age and one of the following: current VFW Auxiliary Member, Spouse of current VFW Auxiliary Member, Son of current VFW Auxiliary Member, Daughter of current VFW Auxiliary Member",https://vfwauxiliary.org/scholarships/continuing-education/,2026-02-15,"Four $1,000 scholarship will be awarded ",
5a1a7fe9,Ty Eschenbaum Foundation Scholarship,"The application is open to all high school seniors graduating from a South Dakota school district, attending a post-secondary education of their choosing who were diagnosed with a form of cancer at any point during their life.",https://www.tyefoundation.org/survivor-scholarships,2026-02-15,"(3) $1,000",
0a7dda83,Simon Youth Community Scholarships,"Simon Youth Foundation works to help students achieve their goals, and cost alone should not prevent a student from furthering their education. Each year, SYF awards more than $1 million in scholarships to help students with the cost of post-secondary education.  • Simon Youth Community Scholarships",https://syf.org/scholarships/,2026-02-15,varies,
5ed33366,Southeast Area Principals Scholarship,• All students applying to receive this scholarship award are required to fully complete all sections of this application packet. All questions must be answered and essay completed. •Essay Requirement- 500 words •Discuss your future plans (school / career) and how your education prepared you for you,SEAP Scholarship Application,2026-02-24,$500,
279623ba,NIAAA Scholarship,Minimum Requirements  Applicant must be a senior in high school Applicant must have achieved at least two (2) of the following: (a) minimum of B+ average; (b)ranked in the top 25% of class; (c) ACT score of 24 or an SAT score of 1100 (Math and Reading) Applicant must have participated in two sports ,https://www.nsiaaa.org/nsiaaa-scholarship,2026-02-25,$500,
b4749396,Ardell Bjugstad Scholarship Program for Native American High School Seniors,Eligibility Requirements:  Enrolled member of a federally recognized Indian tribe whose reservation is located in South Dakota or North Dakota  Resident of South Dakota or North Dakota  Demonstrated academic achievement  High school senior planning to earn a degree in agriculture or natural reso,Ardell Bjugstad Scholarship Application,2026-02-25,$500,
6714899d,Annis I. Fowler/Kaden Scholarship,"Eligibility Requirements:  A 3.0 cumulative high school GPA  First-time entering freshman at BHSU, DSU, NSU or USD in 2023  Intent to major in Elementary Education *Special consideration is given to students with demonstrated motivational ability, a disability, or who are self-supporting.",Annis Irene Fowler/Kaden Application,2026-02-25,"$1,000",
b568df4a,Evie Kahnke Memorial Scholarship,"This scholarship has been established in memory of Evie Kahnke. Evie, the daughter of Chad and Hollie Kahnke, and sister to Emily and Charlie Kahnke, was an outstanding student-athlete and well rounded individual acitve in sports, FFA, 4H and her religion. She lost her three month battle to Acute My",https://eviekahnkememorial.org,2026-02-28,$500,
6ea6fa84,Optimist International Essay Contest,1. The contest is open to students under age 19 as of October 1st of the current Optimist International Contest year (October 1 – September 30) and is not enrolled as a degree seeking student of a post-secondary institution. Students must enter in the District in which they reside. U.S. students att,https://www.optimist.org/member/scholarships3.cfm,2026-02-28,"1. Club level – medallion
2. District le",
b46b92e2,Flavorful Futures Scholarship,Applications must meet ALL the following criteria:  Must be a U.S. citizen or permanent legal resident of the United States. Must be a high school senior graduating. Must have a cumulative high school grade point average (GPA) of at least 2.5 on a 4 point scale (high school/home schooled seniors). M,https://www.flavorfulfutures.com/,2026-02-28,"(5) $5,000",
5bb5f5a7,Beauty and Wellness Professionals Scholarship,"Current students actively enrolled in or applying to an accredited beauty-related program, such as cosmetology school or esthetician school, or another eligible beauty and wellness degree program Part-time students in such programs May be used for all educational expenses, including tuition, books, ",https://www.beautyschoolsdirectory.com/cosmetology-school-scholarships,2026-03-01,"$2,500",
8bceb2b3,Foundation 649 Scholarship,"Requirements: Be a degree-seeking, full-time student enrolling in a U.S. accredited university in Fall 2023 as a Freshman or transferring from a community college Identify as Asian American / Pacific Islander Have a track record of involvement and interest in AAPI communities, issues, or causes Have",https://foundation649.com/,2026-03-01,"(5) $4,000 over the course of 4 years",
81148db2,ROTC Scholarship,REQUIREMENTS Be a U.S. citizen Be between the ages of 17 and 26 Have a high school GPA of at least 2.50 Have a high school diploma or equivalent Score a minimum of 1000 on the SAT (math/verbal) or 19 on the ACT (excluding the required writing test scores) Meet physical standards Agree to accept a co,https://www.goarmy.com/careers-and-jobs/find-your-path/army-officers/rotc/scholarships.html,2026-03-06,"Over 2,000 Full Tuition Scholarships",
6a25e4b0,First Dakota National Bank Scholarship Program,"GENERAL ELIGIBILITY REQUIREMENTS: Student must be a U.S. citizen/permanent resident. Student must be a high school senior or currently attending a post-secondary accredited American college, vocational technical school, or university. Student must plan to attend an accredited post-high school colleg",https://www.firstdakota.com/personal/scholarship,2026-03-06,"up to $5,000",
8167802c,Dacotah Bank Scholarship,"ELIGIBILITY TO BE ELIGIBLE FOR A DACOTAH BANK SCHOLARSHIP, YOU MUST MEET ALL OF THE FOLLOWING CRITERIA: • High School Senior who will attend a higher education institution in North Dakota, South Dakota or Minnesota • Student or student’s immediate family must be a primary or secondary owner on a dep",dacotahbank.com/scholarship,2026-03-10,"(1) $10,000 and (29) $2,000",
6e77545b,Youth Citizenship and Americanism Scholarship American Legion High School Award,"Legion Post 318 requests the candidates write a 500-1,000 word essay to inform the selection board of the qualities they possess as young citizens. In the essay, they are asked to choose three of the qualities the Legion seeks to develop in our citizens (courage, honor, leadership, patriotism, schol",American Legion Scholarship Application,2026-03-15,1 senior boy and 1 senior girl - $250 ea,
e5344f17,South Dakota Fire SERVICE Scholarship Program,"A son or daughter of any member (living, deceased or retired) of a fire department in South Dakota or an active member of a junior fire department in South Dakota. A high school senior or student entering their first semester of college. The applicatn must be a sponsored by a fire department that ha",http://www.sdfirefighters.org/scholarships.html,2026-03-15,"(2) $1,000",
69a6303d,NPC Centennial Scholarship for College-Bound High School Women,"The applicant will be asked to do the following via the form: Attach a​ resume describing the applicant's academic pursuits, school/extra-curricular involvement and community involvement. Provide contact information for an individual who can provide a letter of support/recommendation. The individual",https://app.smarterselect.com/programs/85476,2026-03-15,"(10) $2,000",
f615456f,Critical Teaching Needs Scholarship,"Initial Eligibility Criteria: Agree in writing to stay in South Dakota and work in a critical teaching need occupation for five years after graduating from a participating postsecondary institution; Agree, through a promissory note, that failure to abide by the employment requirement above will resu",https://www.sdbor.edu/student-information/scholarships/CTNS/Pages/default.aspx,2026-03-15,The scholarship amount will be determine,
29878f42,Perry & Doreen Evans Scholarship,"*First preference will be given to students residing in Clark and Codington county.* Student must be in their senior year of high school, have a cumulative GPA of 3.0 or higher, plan to attend a post-secondary college, university, or technical college.",Perry & Doreen Evans Application,2026-03-15,"(4) $5,000 renewable scholarship for a m",
1e72b847,Horatio Alger Scholarships - Denny Sanford Scholarship,"To be eligible to apply for any of the Horatio Alger Undergraduate Scholarships, applicants must meet the following criteria:  Be enrolled full time as a high school senior in the state of SD; be progressing normally toward graduation in spring/summer of 2023 with plans to enter a college in the Uni",https://scholars.horatioalger.org/about-our-scholarship-programs/targeted-scholarships/,2026-03-15,Varies,
fa8ff84a,Premier Community Scholarships,SCHOLARSHIP ELIGIBILITY  -- Students and/or their parents must have a deposit account (checking or savings) with First PREMIER Bank at the time of application. -- Dependents of First PREMIER Bank/PREMIER Bankcard employees or students working at PREMIER are not eligible for this scholarship program.,https://www.firstpremier.com/scholarships,2026-03-17,"(19) $2,000",
49601755,Woods Fuller Scholarship,"REQUIRMENTS: □ High school senior, attending an accredited post high school educational institution □ Have not previously received a Woods Fuller scholarship □ Reside within the counties of Lincoln or Minnehaha in South Dakota or Sioux or O’Brien in Iowa.",https://www.woodsfuller.com/latest/scholarshipapplication-2023?rq=scholarship,2026-03-17,"(2) $2,500",
e33c3c8e,BBB Student of Integrity Award Scholarships,"Three high school seniors from South Dakota will each be granted $2,000 college scholarships. These awards are not based on ethnicity, need or grade point average, but recognize students who exemplify ethical behavior and personal integrity, and who demonstrate humility, courage, compassion and resp",https://www.bbb.org/local/0714/bbb-student-of-integrity-awards.html,2026-03-24,"(3) $2,000",
77a5b9bc,Bridging the Dream Scholarship,"Requirements: enrolled as a high school senior; plan to enroll in full-time undergraduate study at an accredited two- or four-year college, university or vocational-technical school within one year of high school graduation; are able to demonstrate financial need by being Pell Grant-eligible, are a ",https://www.salliemae.com/landing/bridging-the-dream/,2026-03-27,"$10,000",
f633b438,Brandon Valley Fine Arts Booster Club Scholarship,To be eligible you must: 1. Be a current school year graduating senior. 2. Plan to be a full time student in an accredited college or vocational technical school in the fall. (Do not need to pursue a degree in fine arts) 3. Have contributed to the Fine Arts at Brandon Valley in at least one of the f,BV Fine Arts Scholarship Application,2026-03-31,Minimum of (6) individuals will each be ,
d22aeb88,Chad Garrow Scholarship,Eligibility Requirements: Applicant must be a graduating senior BV athlete who has participated in at least two sports for at least two years. Include two letters of recommendation (one from a coach and one from a person other than a coach) that speak to your character and contributions. Essay Requi,Chad Garrow Scholarship Application,2026-03-31,$500,
3a4d78a1,Brandon Valley Athletic Booster Club Scholarship,"Eligible candidates must have participated in athletics as an athlete, manager or trainer during his/her senior year and completed the entire season. Eligible candidates must be attending a post-secondary school in the fall following graduation.",BV Athletic Booster Club Scholarship Application,2026-03-31,(17) Male or Female scholarships $500-$1,
776db349,First District Development Company Scholarship,"To be eligible for a First District Development Company scholarship, you must meet all of the following criteria: • Be a U.S. citizen • Be a high school senior attending a South Dakota High School • Be accepted into a business/finance program at an accredited, post-secondary institution in South Dak",2023 FDDC Scholarship,2026-03-31,"(5) $1,000",
4f350f47,Grand Lodge A.F. & A.M. of South Dakota Scholarship,"Must be a South Dakota residents who plans to attend a public or private college, university or technical school. Preference will be given to students attending a school in South Dakota. Successful candidates will demonstrate financial need, scholastic capability, and have a family connection, eithe",http://mygrandlodge.org/Progrm-Scholarship.html#Top,2026-03-31,"(several) $2,000",
86dd82a3,"""No Sweat"" Scholarship","To apply for the Cirkled In No Sweat Scholarship, create an account and tell us your complete story through your profile. No GPA or minimum income requirement. Just be YOU!  Create a FREE Student account Complete your portfolio... And that's it! The application process is so quick and simple you won",Scholarship Application,2026-03-31,"$2,500",
af991e46,Fold of Honor Scholarship,"Scholarship opportunities for dependents of fallen or disabled US services memebers OR dependents of fallen or disable first responders. 1. Enrolled or planning to enroll in a program of study at an accredited college or university (2 year, 4 year, or post graduate program) 2. Enrolled or planning t",https://foldsofhonor.org/scholarships/,2026-03-31,"Up to $5,000",
c6928185,Young American Creative Patriotic Art Contest,"Any student in grades 9-12 who is enrolled in a public, private or parochial high school or home study program in the US or dependents of US military or civilian personnel in overseas schools. Student must be a US citizen or US national. Digital art, photography and jewelry are NOT ACCEPTED. For mor",https://vfwauxiliary.org/scholarships/young-american-creative-patriotic-art-contest/,2026-03-31,"Varies up to $33,000",
19f97a51,Oahe Racers Association Scholarship,"SCHOLARSHIP CRITERIA: (determined by donor) Graduate of a South Dakota high school 2. Pursuing a degree in Automotive 3. Attending one of the four technical colleges in South Dakota (Lake Area Technical College, Mitchell Technical College, Western Dakota Technical College, Southeast Technical Colleg",Scholarship Application,2026-03-31,Varies,
41fed195,Donald H. Quimby Memorial Scholarship,"This scholarshipis for a worthy SD high school graduate attending a post-secondary institution. Applicants must graduate from a SD high school, submit a 300-500 word essay detailing your personal story, interests and educational goals.",Donald H. Quimby Application,2026-04-01,$350,
651657bc,Knights of Columbus Scholarship Application,This application must be completed and returned to the parish office by the due date. Open to members of Risen Savior OR Rose of Lima parishes in Brandon & Garretson. Late application will not be accepted.,KC Scholarship Application,2026-04-01,(2) $500,
60e69592,USA Softball of South Dakota Scholarship,The USA Softball of South Dakota Program has been established to award scholarships to those who have participated in USA Softball of South Dakota & desire to further their education. These participants must have participated in the USA Softball of South Dakota sanctioned programs for at least 3 yea,http://www.usasoftballofsouthdakota.com/content/images/pdf/2018-Scholarship.pdf,2026-04-01,(17) $500,
5be750ae,SDACTE Scholarship,"The recipient of this scholarship must meet the following criteria:  Is graduating from a South Dakota high school with the class of 2023.  Is applying to or accepted by a program at any South Dakota Technical Institute or University in one of the following fields: Health, Business, Trade and Indust",Scholarship Application Form,2026-04-01,"(2) $1,000",
3d1e23e0,Day County Coyote Hunt Scholarship,ELIGIBILITY REQUIREMENTS The Day County Coyote Hunt Scholarship Program has been established to award scholarships to immediate family (based on IRS Family Definition) of a current or former SD National Guard soldier & desire to further their education. Applicants must be 19 years of age or younger.,Day County Scholarship Application,2026-04-01,"$1,000",
68a23797,SDATAT Scholarship Program,"Applicant must reside in South Dakota, are currently attending a South Dakota public, private, parochial high school or a home school program, and lives in a town or township that is a current member of SDATAT. (A membership list is available on the sdtownships.com website) or contact your local tow",https://www.sdtownships.com/scholarships,2026-04-01,"(1) $1,000 (1) $500",
95196683,NFU Foundation’s Stanley Moore Scholarship,"Open to Farmers Union members and their children. High school seniors, college students or nontraditional students seeking funding to attend a two -- or four -- year accredited college or university or technical school for any area of study. (Scroll to bottom of website link for more information and",https://sdfu.org/education/youth-programs/scholarships/,2026-04-01,"(1-2) $1,000-$2,000",
afa7e65c,Brandon Valley Area Chamber of Commerce Scholarship,"Eligibility Requirements: ● Students must be a graduating Brandon Valley High School senior with a record of volunteerism in the community, in non-school sponsored activities, and/or participation in extracurricular school activities. ● Applicants must plan to attend an accredited post-high school c",https://www.brandonvalleychamber.com/chamber-scholarship/,2026-04-03,$500,
25d58ae3,Home Builder Care Foundation Scholarship,"Graduation high school seniors who will be attending a college, university or technical institute and major in a home building industry related field of study. Scholars recipients must reside in the service areas of LIncoln, McCook, Minnehaha or Turner counties.",http://hbasiouxempire.com/care-foundation/scholarships,2026-04-03,"multiple $1,000",
24fc8574,Men's College Scholarship,"Available to any male, graduating high school senior who is enrolling in a four-year undergraduate college program commencing in fall 2023, scholarships will range from $500-$1,000 and will be issued in the form of a check for recipients to use as desired.  The scholarship is designed to identify an",https://app.smarterselect.com/programs/79371-Foundation-For-Fraternal-Excellence-,2026-04-03,"multiple $500-$1,000 scholarships",
c15d77d6,Levo Credit Union Scholarship,"Eligibility: Entrants must be a member of Sioux Falls Federal Credit Union in good standing, or meet the eligibility criteria and become a member prior to submitting the entry form. Sioux Falls Federal Credit Union employees, volunteer officials, affiliates and their relatives are ineligible. The ap",https://www.levo.org/about/giving-back/scholarships,2026-04-07,"(5) $1,000",
1b460fe6,Mike Rowe Work Ethic Scholarship program,Enroll in an approved 2 year college or technical program. Sign the S.W.E.A.T. Pledge. Answer 4 questions about the S.W.E.A.T. Pledge. Make a video. Have 2 solid references from a teacher or boss. Verify your school costs. Provide high school or college transcript. Submit your most recent 1040 tax f,https://www.mikeroweworks.org/scholarship/,2026-04-12,"$1,000,000 in scholarships",
72e0bc90,Adam Bauer Scholarship,"An eligible senior candidate will have participated in BV athletics during his/her high school career and completed the entire season. Although not the only criteria, special attention will be given to the athlete who has participted in two or three sports in all four years of high school. GPA will ",Adam Bauer Scholarship Application,2026-04-13,"$1,500",
a3bdd7d2,Sanford Future Health Professional Scholarship,"This scholarship can only be awarded to BVHS seniors attending colleges or universities in SD, ND, or MN. Both 2 and 4-year schools are acceptable.  - Students must be pursuing a future career in healthcare.  - Preference may be given to members of the healthcare-related school group, HOSA.  - Prefe",Application Link,2026-04-14,"(5) $2,000",
b60b7430,American Bank & Trust Scholarship,"Must be a high school senior planning to attend a SD College or Tech School, Applicants do not need to be an AB&T customer",https://www.abt.bank/abt-gives-back/scholarships-for-high-school-seniors/,2026-04-15,multiple $500 Scholarships,
ac242876,Voyage Federal Credit Union Scholarships,"Available to full-time students who enroll in an accredited college, university, trade or technical school for the 2018-2019 school year. Voyage Federal Credit Union pays one payment in the fall to the college, university or school after applicatn's acceptance in that institution. Applications becom",Scholarship Application,2026-04-15,(2) $500,
e3d4768a,Grand Commandery Knights Templar of South Dakota Scholarship,The Grand Commandery Knights Templar of South Dakota will award several scholarships each year to South Dakota residents who plan to attend a state Technical Institute in South Dakota. Successful candidates are US citizens who will demonstrate financial need and the capability to complete the vocati,2023 Scholarship Application,2026-04-15,"(multiple) $1,000",
7d63ef20,S.C.W. DREAMers,"Scholarships are open to high school seniors or a recent graduate seeking a degree nationwide. DREAMers Requirements -immigrant under the age of 25, entered the US before age 16, lived continuously in the country for the last five years, have not been convicted of a felony, a ""significant"" misdemean",DREAMers Scholarship Application,2026-04-15,"$2,500",
533e3fdf,Serving Others Scholarship: Indpendent Insurance Agents,"Requirements: Permanent resident of South Dakota, Attending an accredited South Dakota higher learning institution for Fall of 2023, Must drop application off at IIASD memeber's office",IIASD Scholarship Application Details and QR Code to apply,2026-04-15,"(1) $10,000 (4) $2,500",
08469468,Kids' Chance of South Dakota,"Must be between the ages of 16 – 25 years old Must (a) be a graduating high school student in good standing, (b) currently possess a high school diploma or GED, or (c) be currently enrolled and in good standing at a post-secondary institution or trade school. Dependent of a parent who suffered eithe",https://kidschanceofsd.org/scholarship-application/application/,2026-04-15,Varies,
7852d814,The Banner Student Scholarship,"Eligibility Requirements: 1. Must be a senior student planning to attend a 4-year college or university the fall following graduation. 2. Applicant has shown academic achievement by earning a GPA of 3.5 or higher. 3. Applicant has 4 years of dedicated participation in a music ensemble (band, chorus,",The Banner Student Scholarship application,2026-04-21,"$1,000",
960b24c8,Student-View Scholarship Program,"It's quick and easy to apply: No minimum SAT/ACT score or grade point average, no essay required, no lengthy application forms, no application fees",www.student-view.com,2026-04-23,"(1) $5,000 (3) $1,000 (10) $500",
7581f808,Showplace Scholarship,"Applicant must be a son or daughter of a full-time regular employee with a minimum of six months employment, AND applicant must be classified as a full-time student in their freshman, sophomore or junior year during time of appilcation process, AND applicant must be classified as a full-time sophomo",Showplace Scholarship Application,2026-04-30,(10) $500,
07c5e94a,The Restoration of Sight & Health Scholarship,"Dakota Lions Sight & Health is proud to announce the avaialability of scholarships to students in our region. Qualified applicants must be pursuing an education in a field related to the Mission of Dakota Lions Sight & Health and attending a. post-secondary educational institution (university, colle",https://dakotasight.org/undergraduate-scholarship/,2026-04-30,"$1,000 to an undergraduate student in So",
4c9b31ff,Women In Science Scholarship,"Must be a U.S. Citizen or Permanent U.S. Resident Must be an enrolled (or accepted) female student in an accredited college or university Must be pursuing an undergraduate degree in a scientific field of study, such as biology, physical science, chemistry, or physics Must be a U.S. Citizen or Perman",http://study.com/pages/Women_in_Science_Scholarship.html,2026-05-01,"$1,000",
9cef67b4,Jean Bower Scholarship through Dakota Alliance Soccer Club,"Eligibility Requirements: 1) be a current or past player with the DASC Recreational Program or a current Sioux Falls high school soccer team player 2) be a graduating senior with plans to continue your education (trade or certificate program, two-year college/technical school or 4-year college or un",https://www.dakotaalliancesoccer.com/financial-aid,2026-05-01,"$1,000 for a senior boy & $1,000 for a s",
f48b450d,Jan VandenBos Competitive Scholarship,"Eligibility Requirements: 1) have been a player in the Dakota Alliance Competitive Soccer Program for at least four (4) years and be a current U18 or U19 player, 2) be a graduating senior with plans to continue your education (trade or certificate program, two-year college/technical school or 4-year",https://www.dakotaalliancesoccer.com/financial-aid,2026-05-01,"$1,000 for a senior boy & $1,000 for a s",
a4786ba4,Sioux Falls Women Run Scholarship,Criteria for SFWR’s awarding of the scholarships are: - Expected graduation in May or June from Sioux Falls metro area high schools - Strong academic performance (GPA>3.5) - Current good standing on her school’s track or cross-country team or community running club involvement. - Evidence of past co,https://www.siouxfallswomenrun.com/scholarship,2026-05-01,"Potential of $5,000 worth of scholarship",
d8526755,Black Hills State University S-STEM Scholarships,"Participants must pursue a major in Biology, Chemistry, Physical Science, Environmental Physical Science, or Mathematics. Students must also have demonstrated financial need (as indicated on the Free Application for Federal Student Aid, or FAFSA) and have a strong academic record. Students selected ",https://bhsu.tfaforms.net/218019#Recommender%20form,2026-05-01,"Renewable $10,000 annually up to 4 years",
bea30031,The Sioux Falls Business and Professional Women Scholarship,For women pursuing a post-secondary education. Both traditional and non-traditional students are eligible to apply,Scholarship Application Link,2026-05-15,Varies,
01664f56,Unity Scholarship,"Unity Lodge #130 AF & AM located in Sioux Falls, SD will award scholarships to qualified applicants who are residents of South Dakota or are direct descendants of a Unity Lodge #130 member. These scholarships will be used to attend a post-secondary educational institution (college, university, techn",https://www.unity130scholarship.org/,2026-05-31,(2) $500,
9c8cc02e,PB & J Scholarship,"The PB&J Scholarship is for students who have experienced personal challenges that may not have allowed them to perform well academically, but who still have the drive to succeed. Scholarship is open to senior high school students who plan on attending a 2 or 4 year college.  Examples of personal ch",https://pbjscholarship.org/,2026-05-31,"Up to $1,000",
c098d4e5,The Lawrence Novotny Scholarship Essay Competition,"The Lawrence Novotny Scholarship Essay Competition has chosen to provide scholarships to high school seniors who are heading to ANY college, university, technical school, trade school etc., as well as current college, university, technical school, trade school etc. Students who are post high school ",https://forms.gle/LhdWsQ32U1jZ6yXTA,2026-06-03,(1) $250 for a graduating high school se,
7fe34f8f,Equality South Dakota’s Audacity Award,"Equality South Dakota’s Audacity Award is a scholarship for 2SLGBTQ+ and allied students who have been engaging in community service and/or activism work that seeks to better the lives of 2SLGBTQ+ people in South Dakota. This award is available to high school seniors who are heading to ANY college, ",https://forms.gle/VMNoLNTDYg1hkswu5,2026-06-03,(1) $250 for a graduating high school se,
050dcd27,South Dakota Telecommunications Association Scholarship,Qualifying Students: Have a high school diploma or GED equivalent; Are accepted into or attending a multi-year program degree at any accredited techcical college or accredited post-secondary higher education institution in South Dakota for fall semseter; Are majoring in a degree/program or field of ,https://sdtaonline.com/sdta_scholarships.php,2026-06-15,"(2) $2,000 and (1) $1,500",
47a5c3ff,Sigma Phi Epsilon - Balanced Man Scholarship Application,"The Balanced Man Scholarship is for incoming male freshmen to South Dakota State University. Applicant should be someone who shows balance in academics, athletics, and leadership.",https://southdakota.sigep.org/bms/,2026-06-30,"$2,000 in scholarships",
9a428aae,James H. Jenssen Scholarship Application,To be eligible for the scholarship you must meet all of the following criteria: -be a resident of the state of SD and a high school senior OR be a resident of the state of SD and enrolled in an engineering program at South Dakota School of Mines or South Dakota State University for the upcoming acad,James H. Jenssen Application,2026-07-15,$500,
cf4a0f13,Pierce Butler Scholarship,"The Minnesota Beta Chapter of Phi Kappa Psi recognizes excellence in the classroom, in leadership, and in the community for incoming freshmen men to the University of Minnesota. This scholarship is designed to promote academic excellence among a new generation of Golden Gophers while stewarding a po",http://www.mnphipsi.com/scholarship/,2026-08-21,varies,
76d818f5,Quest Bridge - The National College Match,"We are looking for high school seniors who have shown outstanding academic ability despite financial challenges. We take a holistic approach to reviewing applications, and we do not have absolute criteria or cut-offs for GPA, standardized test scores, income, or other factors.",https://www.questbridge.org/high-school-students/national-college-match/who-should-apply,2026-09-26,Full four-year scholarships to top colle,Yes
08f0f28c,Don't Text & Drive Scholarship,"You must be a high school freshman, sophomore, junior, or senior or a current or entering college or graduate school student of any level. Home schooled students are also eligible. There is no age limit. You must also be a U.S. citizen or legal resident. Complete application. Finalists will need to ",http://www.digitalresponsibility.org/dont-text-and-drive-scholarship,2026-09-30,"$1,000",No
c8ea7abd,Big Future Scholarship,"Must attend a public, private, or home school, located in one of the fifty (50) United States, the District of Columbia, Puerto Rico, the U.S. Virgin Islands, Guam, American Samoa, the Northern Mariana Islands, or any other U.S. territories and possessions, or are U.S. Citizens or residents who atte",https://bigfuture.collegeboard.org/pay-for-college/bigfuture-scholarships?excmpid=oc487-st-09-ss,2026-09-30,"$40,000",No
9db2a782,Coca Cola Scholars Programs Scholarship,"Applicants must be:Current high school (or home-schooled) seniors attending school in the United States (or select DoD schools) U.S. Citizens, U.S. Nationals, U.S. Permanent Residents, Refugees, Asylees, Cuban-Haitian Entrants, or Humanitarian Parolees, anticipating completion of high school diploma",http://www.coca-colascholarsfoundation.org/applicants/,2026-10-02,"$20,000",No
6512d326,AES Engineering Scholarship,"Students must submit an essay of between 500 and 1000 words in answer to the following question: When you look back on your life in 30 years, what would it take for you to consider your life successful? What relationships or accomplishments will be important on this journey? Submit essay to scholars",https://aesengineers.com/scholarships.php,2026-10-08,$500,No
e9fd2d4a,Heisman High School Scholarship,"Criteria For Application: Senior students. Students who have at least a weighted “B” grade average (3.0 GPA) during grades 9, 10, and 11. Students who participate in at least one of 47 Heisman High School Scholarship recognized sports (see website) recognized by the International Olympic Committee o",https://heismanscholarship.com,2026-10-17,"$1,000-$10,000",No
767b0872,VFW Voice of Democracy,"Open to students in grades 9-12 who are enrolled in a public, private or parochial high school or home study program in the US or dependents of US military or civilian personnel in overseas schools. Record your original 3-5 minute audio essay and submit the recording, typed essay and copmleted entry",VFW Voice of Democracy Scholarship,2026-10-31,"$35,000",No
c70af4d8,Big Idea: What's Your Big Idea?,"To promote entrepreneurship, spur creative thinking, and encourage students to start a business. A business idea competition for any high school student (9-12). A 1,075-word description of a business idea An optional Marketing Design competition which includes a logo and ad for their idea An opportu",www.BIGIdeaSD.com,2026-10-31,Varies,No
5ddddbbe,South Dakota Farmers Union Foundation Scholarship,"Eligibility Criteria: Current member of South Dakota Farmers Union Senior in high school planning to attend or a current freshman at a SD post-secondary institution.  Any late or incomplete applications will not be reviewed. Applicants can only win once, past winners are not eligible. Winners will b",https://www.sdfu.org/education/scholarships,2026-11-01,$500,No
a2eef2c9,DAR Good Citizens Program and Scholarship Contest,"Open to one senior class student. Student must be dependable(which includes truthfulness, loyalty, and punctuality); service(cooperation, courtesy, and consideration of others); leadership(personality, self-control, and ability to assume responsibility); and patriotism(includes unselfish interest in",https://www.dar.org/national-society/scholarships/dar-related,2026-11-01,"$5,000",No
edb07527,Prudential Emerging Visionaries,"Participants must meet the following eligibility criteria: Participants must be individuals between the ages of 14 - 18 when applying and not older than 18 by the end of the entry period (November 2, 2023). Groups and partners are not eligible. Participants must be legal residents of the United Stat",www.prudential.com/emergingvisionaries,2026-11-02,"$15,000",No
14ed46fc,South Dakota Elks Association Career & Technical Ed. Scholarship,Applicatns must be enrolled or planning to enroll in an accredited post-secondary career and technical education program which teminates with completion of that program. Applicants shall have no immediate or long range plans to pursue a baccalaureate degree program. A 350-500 typed word essay about ,SD Elks CTE Scholarship,2026-11-13,"$1,500",
40c549b2,Elks Most Valuable Student Scholarships,"Any high school senior who is a US citizen may apply for an MVS scholarship. Applications will be judged on scholarship, leadership and financial need. Applicants do not need to be related to a member of the Elks to apply.",https://www.elks.org/scholars/scholarships/mvs.cfm,2026-11-13,"$30,000",No
56149ae6,Jack Kent Cooke Foundation College Scholarship Program,To be eligible to apply you must:  •Graduate from a U.S. high school in spring 2024 •Intend to enroll full time in an accredited four-year college beginning in fall 2024 •Earn a cumulative unweighted GPA of 3.5 or above •Demonstrate unmet financial need. We will consider applicants with family annua,https://www.jkcf.org/our-scholarships/college-scholarship-program/how-to-apply/,2026-11-16,"$55,000",
81d2cf12,The Weber Shandwick Scholarship,"The Weber Shandwick Scholarship is currently accepting applications from high school seniors, and anyone currently enrolled in an undergraduate college or university. The Weber Shandwick Scholarship is not merit based, so you don't need to submit any grades or test scores. All you have to do is writ",Weber Shandwick application,2026-11-27,"$1,000",
c118d657,Driver Education Initiative Scholarship,"to be eligible for the scholarship a student must: Be currently enrolled in either High School, University or College as a full time student and submit an essay demonstrating knowledge on the topic of Safe Driving. See website for essay details.",https://www.dmvedu.org/scholarship/,2026-11-30,$500,
c4dc5df3,Garry Family Scholarship,"Must be an incoming freshmen student with a minimum 3.0 GPA overall and have demonstrated leadership in high school and/or community activities, graduating from McCook, Minnehaha or Lincoln county. Complete the ""Academic Scholarship Application"" to apply.",http://www.usd.edu/admissions/freshmen/scholarships,2026-12-01,"(4) $1,000",
2d9232d9,AFC Visionary Scholarship,"Applicant must be currently enrolled as a High School Freshman, Sophomore, Junior, or Senior and, must be a United States citizen or eligible non-citizen. Relatives of the American College Foundation Staff are not eligible to apply. Financial need is NOT considered; all income levels are encouraged ",https://americancollegefoundation.org/college-planning-visionary-scholarship-details/,2026-12-01,"$2,500",No
1687c0fe,Barbara Lotze Scholarship for Future Teachers,"Eligibility: Applicants must declare their intent to prepare for, and engage in, a career in physics teaching at the high school level and must, at the time the scholarship funds are received by the student, be: A) An undergraduate student enrolled in an accredited two-year college, four-year colleg",https://studentscholarships.org/scholarship/9561/barbara-lotze-scholarships-for-future-teachers,2026-12-01,"(6) $3,000",
3bf48c18,The Hagan Scholarship,"The Hagan Scholarship is a nationwide need-based merit scholarship, providing recipients with the opportunity to graduate college debt-free. 1. Must be a U.S. Citizen. 2. Must attend a traditional public high school located in the U.S. that is governed by a school district. 3. Must have achieved a 3",https://haganscholarships.org/,2026-12-01,The scholarship provides up to $7.500 ea,
7a69dbfa,Patriots of the American Revolution High School Essay Contest,"This contest is open to students in public, private, and parochial schools, and registered home-study programs, in grades 9-12. Essays from students from all grades will be judged together, with one winning essay chosen at each level. Participating DAR chapters will select one essay as the chapter w",https://www.dar.org/national-society/education/essay-contests,2026-12-01,Varies,No
7c495ba9,Stop Hunger Scholarship,Stephen J. Brady Stop Hunger Scholarships are open to students ages 5-25 (Kindergarten through graduate school) enrolled in an accredited educational institution in the United States. Applicants must have demonstrated on-going commitment to their community by performing unpaid volunteer services imp,http://us.stop-hunger.org/home/grants.html,2026-12-05,"$10,000",No
579b745b,Human Rights Essay Contest,https://khref.org/flyer/,https://khref.org/flyer/,2026-12-10,"$4,000",No
10aed8ee,Science Ambassador Scholarship,"A full–tuition scholarship for a women and non-binary students in science, technology, engineering, or math. Film a three–minute educational video of yourself explaining a STEM topic you're passionate about. You must be a high school senior or an undergraduate college student to apply.",https://www.scienceambassadorscholarship.org/#intro,2026-12-13,Undergraduate tuition expenses paid for ,
363fa3db,Mindscape Big Picture Scholarship,"This scholarship is open to all students who have a deep curiosity in studying the universe for its own sake—whether that be pursuing studies in physics, philosophy, biology, mathematics, literature, or any other field that seeks better understanding of our existence—and will seek to lift up those f",https://bold.org/scholarships/mindscape/#ref=best-scholarships,2026-12-15,"$10,000",
1cf3a998,Amazon Future Engineer Scholarship,"Be high school seniors in the U.S. who are currently enrolled in or who have completed a high school or college dual degree course where computer science, engineering, or robotics is the subject. Students who have not taken this course can opt-in to take an assessment offered by Amazon. Be planning ",Scholarship Application Link,2026-12-15,"up to $40,000",
4c6e506a,Cirkled In's No-Sweat Scholarship,"The Cirkled In “No Sweat” Scholarship is a $2500 CASH scholarship you can use for any educational purpose, from books to summer camp. In just two steps, you’re in! Apply by signing-up for a Cirkled In account and then complete your portfolio.",Scholarship Link,2026-12-31,"$2,500",
dd691b34,Live Mas Scholarship,Are you a student passionate about creating a better future? Are you an original thinker making a positive impact in your community? Then THIS is the scholarship for you.  The Live Más Scholarship is for ALL young people who are pursuing higher education and using their passion to ignite change in t,https://www.tacobellfoundation.org/live-mas-scholarship/,2026-01-03,Awarding 7 Million in scholarships,
dad8428d,APIA Scholarship,"APIA SCHOLARS MINIMUM ELIGIBILITY CRITERIA : Be of Asian and/or Pacific Islander ethnicity as defined by the U.S. Census Be a citizen, national, or legal permanent resident of the United States. Citizens of the Republic of the Marshall Islands, Federated States of Micronesia and the Republic of Pala",https://apiascholars.org/scholarship/apia-scholarship/,2026-01-09,Varies,
bf980959,Jackie Robinson Foundation Scholarship,"Be a graduating, minority high school senior; • Be a United States citizen; • Present evidence of financial need; • Demonstrate a record of academic excellence; • Demonstrate leadership potential and a dedication to community service; • Plan to attend an accredited and approved 4-year college/univer",https://jackierobinson.org/apply/,2026-01-10,"up to $35,000 over 4 years",
e347b0eb,FFA Scholarship Opportunities - Multiple Scholarships available to FFA and Non-M,Each scholarship has specific criteria that are defined by the sponsor when the scholarship is established. Please read the scholarship description in the Scholarship Catalog to see if you qualify. Criteria that apply to all scholarships are listed below. ALL scholarship applicants must:  Be less t,https://www.ffa.org/participate/grants-and-scholarships/local-engagement-programs-scholarships/,2026-01-11,varies,
067c44df,Dairy Farmers of America Cares Foundation Scholarship,"CRITERIA Applicant’s commitment and passion for a career in the dairy industry demonstrated through responses to three essay questions Extracurricular activities, awards, recognition and work experience Academic achievement Two letters of recommendation and a recent transcript",https://www.dfamilk.com/careers/students-and-graduates,2026-01-12,"(20) $1,000",
11fff49c,Profile in Courage Essay Contest,"The contest is open to US high school students in grades 9-12. Essays can be no more than 1,000 words but must be a minimum of 700 words. Citations and bibliography are not included in word count. Essays must describe an act of political courage by a U.S. elected official who served during or after ",https://www.jfklibrary.org/learn/education/profile-in-courage-essay-contest,2026-01-12,"$10,000",No
ebe4e708,Sioux Valley Energy Scholarships,"To be eligible you must: Be a graduating high school senior or first-time attendee at an institution of higher education. Plan to be a full-time student in an accredited college, vocational technical or accredited power line technical school this fall. Be a son or daughter of a Sioux Valley Energy c",https://www.siouxvalleyenergy.com/youth-scholarship-programs,2026-01-12,"Varies (20,000 in higer education schola",
8d309ad0,South Dakota School of Mines Scholarships,"In order to be considered for incoming freshmen scholarships, prospective students must be accepted for admission to South Dakota Mines by the priority scholarship deadline of January 15 as well as have a 3.0 unweighted cumulative GPA from high school. The Office of Admissions will consider a studen",https://www.sdsmt.edu/FinAid/Scholarships/,2026-01-15,Varies,
fdc6a69b,South Dakota Engineering Society Scholarship (Eastern Chapter Scholarships),Applicants should be high school seniors and must be planning on attending an engineering program at either South Dakota School of Mines and Technology or South Dakota State University. Applicants must have attended a high school in the Eastern Chapter area. The Eastern Chapter’s Scholarship Committ,http://www.sdes.org,2026-01-20,"$2,000",
bfc67340,DAR General Scholarship Opportunities,"All applicants must be citizens of the United States and must attend or plan to attend an accredited college or university in the United States. DAR chapter sponsorship is not required; however, a chapter or state chairman may work with the applicant to put the information together to send to the DA",https://www.dar.org/national-society/scholarships/general-info,2026-01-31,Varies,
48a07a9e,Common App Scholarship,To be eligible a student must: A) Be in Grade 11 or Grade 12 B) Be attending college or university no later than October of 2025. C) Have achieved a GPA of 2.5 or greater during their last academic year. D) Answer an essay prompt found at the website link application.,https://scholarshipguidance.com/common-app-scholarship-application,2026-02-29,"(3) $2,000",
576e929e,ALLIANCE Communications Scholarship,"The Applicant’s household must be current customers of Alliance Communications, and the applicant must plan to be a full-time student in the fall. Completed application. Two letters of recommendation. One letter must be from a teacher or school staff member. A typed short essay (maximum 1 page in le",Alliance Scholarship Application,2026-03-01,"multiple $1,000",
fe1d18fd,Honors Graduation: Build A Better Future Scholarship,"Eligibility Criteria: To be eligible for the scholarship, applicants must be graduating high school seniors planning on attending an accredited college or university in the United States of America. Additionally, students must have met all of the requirements described on this website (http://honors",https://www.honorsgraduation.com/graduation-scholarship.htm,2026-04-08,"(5) $10,000",
c285fc7c,B. Davis Scholarship,This Scholarship is available to all high school juniors and seniors as well as all students currently registered in any post secondary institution. Scholarship essay contest. See link for details.,http://www.studentawardsearch.com/scholarships.htm,2026-05-21,"$1,000",
a2a48d88,Abbot & Fenner Scholarship,The A&F Scholarships are available to all high school juniors and seniors as well as all students currently registered in any accredited post secondary institution. To apply you will need to write an essay on the topic found on our website.,https://abbottandfenner.com/scholarships.php,2026-06-07,"$1,000",
bc448574,Big Sun Athletics Scholarship,The BigSun Organization is proud to be able to help young athletes succeed in their academic pursuits. In order to do our part we are offering an annual scholarship to a deserving student. All student athletes are eligible regardless of the sport they are engaged in or the capacity in which they par,http://www.bigsunathletics.com,2026-06-19,$500,
319f9e0e,Ramia Boersma Scholarship,Scholarships are awarded to outstanding students who are planning on entering the teaching profession. Criteria for the application requires that the student must: 1. Be the dughter/son or grandaughter/grandson of an active member or an SDEA-Retired member. 2. Be in the top quarter of his/her class ,https://www.sdea.org/why-join-the-sdea/grants-scholarships,2026-02-15,up to (3) $750,
1b5b676b,Gordon Horgen Scholarship,Native American students who plan to enter the teaching profession.,https://www.sdea.org/why-join-the-sdea/grants-scholarships,2026-02-15,$750,
c9f10ba3,Junior Achievement of South Dakota Leo Crawford Scholarship,"High School Senior, graduating before June 30th of the current school year Participation in any JA Program during applicant's K-12 education (including the high school JA Ethics program).",Leo Crawford Scholarship Application,2026-03-01,$500,
5002616a,South Dakota Nursery and Lanscape Association Scholarship,"SDNLA is proud to offer a $500.00 scholarship to a South Dakota High School student planning to major in a horticulture related field and to encourage the study and entering of the work place of Horticulture, Floriculture, Plant Pathology, Landscape Design, Turf Management and other allied subjects ",https://sdnla.org/scholarships,2026-03-01,$500,
4a9c497d,Curtis Marvin Hohn Legacy Scholarship,"The competitive scholarships are awarded to seniors graduating from a South Dakota High School, attending a public or private college, university, or technical school in South Dakota. (Preference will be given to applicants pursuing studies in history, political science, or water resources.) . Apppl",Curtis Marvin Hohn Legacy Scholarship,2026-03-10,"$1,000",
f08811d7,Coach Russ Morrell Memorial Scholarship,"SD high school graduate attending postsecondary institution, attain a minimum of a 3.2 GPA through 7 semesters of high school and must submit as ONE (muli-page) document to: coachmorrellscholarship@gmail.com. *Preference may be given to a student from Burke, Bon Homme or Wagner high schools",Coach Russ Morrell Scholarship Information,2026-03-15,"$1,000",
ab498b85,Karst Memorial Scholarship,The recipient will be a current year graduate of a South Dakota High School. The recipient shall have graduated in the upper 50% of the class. The recipient will be a student going into an agricultural related field.,,2026-03-31,(3) $500,
de46f492,Inez Taylor Walter Scholarship Fund,"Preference in awarding this scholarship will be given to a student planning on attending a South Dakota or North Dakota college or university in the field of nursing. Application must include a written essay of 750 words or less on ""Why I am choosing nursing as my profession""",Inez Taylor Walter Application,2026-04-01,Varies,
a0a6dbe7,BVEA and District Employee Scholarship,All applicants must attend a college or university within the state of South Dakota and plan on majoring in the field of education.,BVEA & District Employee Scholarship Application,2026-04-15,"$1,000",
53953f50,Dr. Dale A. Gibson Oral Health Scholarship,SCHOLARSHIP CRITERIA: (determined by donor) 1. Pursuing a Dental Assisting degree at Lake Area Technical Institute 2. Intent to remain in South Dakota after graduating from Lake Area Technical Institute 3. Strong academic qualifications 4. First preference goes to candidates from South Dakota 5. Sec,Dale A. Gibson Oral Health Application,2026-04-15,Varies,
71c3e278,Gene Abdallah Scholarship,"SCHOLARSHIP CRITERIA: -Graduate of aSouth Dakota High School -Cumulative GPA of 3.0 or higher -Pursuing acareer in law enforcement -Letter of acceptance from a South Dakota college, university or vocational school, which applicant plans to attend -Submit ashort essay describing: a. Their interest in",Scholarship Application,2026-04-15,Varies,
34dc5600,"L.G. Everist, Inc. Scholarship",Eligibility: •Graduating Senior •Strong Interest in Mechanical/Technical Training  Scholarship Requirements: •Willing to attend two years of tech school •Letter of recommendation from a teacher or employer •Must submit a brief paragraph telling why you would like to be considered for award •Applicat,https://www.lgeverist.com/pdf/scholarshipInfo.pdf,2026-04-30,"$1,000",
0768576f,American Indian College Fund - Full Circle Scholarship,"Eligibility U.S. citizen or Canadian eligible to attend college in the U.S. under provisions of the Jay Treaty; Enrolled in a certificate, associate, bachelor’s, or graduate program at an accredited tribal, public, or private (non-profit) college or university; Full-time enrollment (Full Circle appl",www.collegefund.org/scholarships,2026-05-31,Varies,
4e1c9aea,National Honor Society (NHS) Scholarship Program,"To be eligible for this award, you must: be a high school senior enrolled at a school that has an active chapter of NHS; and be a member of the National Honor Society in good standing, An NHS student account holder, verified by the NHS chapter adviser. Planning to pursue a degree at an accredited U.",https://www.nhs.us/students/the-nhs-scholarship/,2026-11-30,Awards vary,
8c30c4e5,Huge - Nebraska Wesleyan University Scholarship,"To qualify, a student must: Have a cumulative high school GPA of 3.75 or higher (weighted on 4.0 scale). Submit the Nebraska Wesleyan University application for admission. Students will create an NWU application account with their email address and a password. Submit the Huge-NWU Scholarship Applica",Huge Scholarship Application,2026-12-01,(1) Full Ride Scholarship to Nebraska We,
c20eda39,SDSU Freshmen Scholarship Opportunities,"Acceptance to SDSU. Scholarship opportunities are based on your grades, standardized test scores or your interest in pursuing a major in a particular field.",https://www.sdstate.edu/admissions/first-time-freshmen-scholarships,2026-12-01,Varies,
46410490,Wayne State College Art & Design Scholarships,Opportunity for students who are interested in attending Wayne State College and are pursuing the Art & Design field.,https://www.wsc.edu/art-design,2026-12-01,Varies,
af36779a,Burger King Scholars,"Minimum GPA of 2.5, be passionate about serving the community, Be a high school senior, BURGER KING® employee, spouse/domestic partner or child of an employee.",https://bk-scholars.com/?utm_source=MDRe&utm_medium=email&utm_campaign=BK2021,2026-12-15,"$1,000-50,000 Scholarships Available",
ccc9114c,"South Dakota Plumbing, Heating and Cooling Contractors Association Scholarship","This scholarship is intended for students who wish ot have a career in the plumbing, heating or cooling industry. You must be sponsored by a SDAPHCC member and the sponsor must sign the application.",https://sdphcc.org/scholarship/,2026-12-32,(1) $500 (1) $1000,
46b616b1,Morris & Edith Magnuson Scholarship,Eligibiligy Requirements: Must be a student graduating in the spring from Brandon Valley High School and attending college in the fall of 2023. The following will be considered in this order- 1. Student Need 2. Intention of majoring in education 3. academics Student must fill out application and sub,Morris & Edith Magnuson Application,2026-04-21,$500,
a187510d,Citi Youth Leadership Award Scholarship,Students need to be a senior at a Sioux Empire high school during the 2020-2021 academic year. Students need to have contributed at least 100 hours of service within the past 12 months. Eligible service may include: service with community/religious organizations; service through school/community bas,www.helplinecenter.org/scholarship,By 5pm on: 03/15/23,"(3) $1,000",
8da24faa,Southeast Tech Scholarship for CTE Academy Students,Incredible opportuniy to get a scholarship to Southeast Tech just by taking classes during high school at CTE Academy. Must receive a grade of C or higher in CTE Academy class(es).,https://southeasttech.edu/foundation/scholarships,Contact: Chellee.Nemec@southeasttech.edu with questions,"$500-$1,000",
9bb7f992,Cameron Impact Scholarship,"The applicant must:  Prioritize academic excellence (maintaining a minimum cumulative unweighted 3.7 grade point average/4.0 scale or equivalent in their high school studies); Be a citizen of the United States of America; be a high school senior, planning to enroll in a full-time course of study tow",https://www.bryancameroneducationfoundation.org/scholarship#eligibility,Early Application Deadline 05/19/2023,"four-year, full-tuition, merit-based und",
4467c25d,HonorsGradU Scholarship: Design A Better Future,"Design and work on a community improvement project, using the website checklist as a guide. Applicants must be graduating high school seniors planning on attending an accredited college or university in the US. Additionally, students must have met all of the requirements described on the website. St",https://www.honorsgradu.com/scholarship/,OPTIONAL DEADLINES IN THE FALL TO HELP WITH PROJECT. See website for details. FINAL SUBMISSION DUE: 05/28/2022,"(5) $10,000",
0fd52225,Bellator Titans MC Scholarship,"Eligibility Requirements: South Dakota resident, A senior going into their first year of post-secondary education in South Dakota, financial need, and answer essay question. Must be motivated and hardworking.",Bellator Titans Application,Original deadline 3/12/23 Deadline extended to: 03/31/23,"$1,500",
0798a654,Augustana University - Journey Scholars Program & Scholarship,"Who can apply for Journey Scholars? Students from the U.S. who are admitted to Augustana University and identify on their application as being Black, Indigenous, Hispanic, Asian, or Person of Color. Scholarships are awarded to all participants. For students with financial need, Augustana is committe",Journey Scholars Program,Rolling,Varies,
296044cd,USD Freshmen Scholarship Opportunities,"Acceptance to USD. Scholarship opportunities are based on your grades, standardized test scores or your interest in pursuing a major in a particular field.",http://www.usd.edu/admissions/freshmen/scholarships,Priority Deadline: 11/15 each year Final Deadline: 12/01 each year,varies,
6c8ed3a2,"Fashion Schools ""Aspiring Fashion Professional"" Scholarship",Scholarships will be awarded to high school seniors who: Intend to pursue a fashion related field at an accredited post-secondary school or college. Have a demonstrable record of academic success. Have a passion and drive for a fashion related career.,More information to come,Varies,"$1,000",
95409be3,Christensen and Hymas General Scholarship,"You must be currently enrolled in or have been accepted to (and planning to attend) a University or College in the United States, You must have a cumulative GPA of 3.5 or higher, Cumulative GPA of the current or most recent secondary education program you have attended, You are required to submit a ",More information to come,Varies,"$1,000",
9e95ed9e,Optimist International Oratorical Contest,1. The contest is open to contestants under the age of 19 as of October 1st of the current Optimist International Contest year (October 1 – September 30) and is not enrolled as a degree seeking student of a post-secondary institution. There is no minimum age. 2. A contestant is eligible to enter/com,,Varies,"1. Club Level – Medallion
2. Zone Level ",
dfe6a165,Mount Marty University Prestigious Academic Scholarship Day,"Interested in attending Mount Marty University next year? Register for Prestigious Academic Scholarship Day at Mount Marty University in Yankton, SD! To be eligible to participate, please ensure that you have a GPA of 3.5 or greater. Award amounts for participation in Prestigious Academic Scholarshi",Scholarship Day Information,Varies,"$25,000",
a25d6e2c,Dura-Pack Scholarship Award,Must be planning on attending a college or Univeristy in Fall. Proof of acceptance will be necessary,https://dura-pack.com/scholarship,2026-08-01,"$3,000",
a20e4b48,Olympians Academy Leadership Wings Scholarship,"High school senior, undergraduate, or graduate student Professional leadership or management studies 3.0 or higher",https://bold.org/scholarships/olympians-academy-leadership-wings-scholarship/#ref=great-scholarships,2026-08-06,"$1,000",
9bafacd6,Unigo: Make Me Laugh Scholarship,"Applicants must:  Must be 14 years of age or older at time of application.| Must be a legal U.S. resident.| Must be a resident of one of the 50 United States or the District of Columbia.| This award is for U.S. students.  Submit an online written response to the question:  ""OMG... finding and applyi",https://www.unigo.com/scholarships/our-scholarships/make-me-laugh-scholarship,2026-08-31,"$1,500",
33ee83df,RealtyHop Scholarship,"High school senior, Essay under 500 words on ""COVID-19 has drastically impacted the world and will continue to change how society views our home as a place of living, working, and studying. As you reflect on the global pandemic and the beginning of your professional life, tell us what you would like",https://www.realtyhop.com/resources/scholarship,2026-08-31,2 awards of $1000,
def94cce,Cooking Up Joy Scholarship,"US Citizen, senior. willing to share a personal recipe or personal take on a recipe. Must submit a photo of the prepared food item and a description of the item along with why the specifi plate was chosen, the ingredients, nad instructions. Student must have a 3.0 GPA and submit an official transcri",https://budgetbranders.com/scholarship/,2026-08-31,"$1,000",
4a3e4d89,Bryan Cameron Education Foundation,"Maintain a minimum, cumulative, unweighted GPA of a 3.7/4.0 scale or equivalent in their high school studies; Be a full citizen of the United States of America; Be in the high school graduating Class of 2022, planning to enroll in a full-time course of study towards a degree at an accredited four-ye",https://www.bryancameroneducationfoundation.org/scholarship#eligibility,2026-09-08,Varies,
548ad031,Love Your Career Scholarship,"You must be a student enrolled in an accredited college or University located in the United States.  If you are applying for the winter scholarship, you must be enrolled for classes during that winter semester.  If you are applying for the fall scholarship, you must be enrolled for classes during th",https://www.jonestshirts.com/pages/scholarship,2026-09-10,"$1,000",
1862c785,The May Firm Scholarship Fund,"What is one traumatic experience you experienced in your life, and how did you overcome it?  Attached to your essay (300+ words), please include a copy of your resume including current GPA as well as what University or community college you are attending.",https://mayfirm.com/scholarship,2026-09-15,"$1,000",
1a7e6bfa,GoSkills Be the Boss Scholarship,Open to any high school female student who wants to start her own online business,https://www.goskills.com/scholarship,2026-09-15,"$2,000",
9a87f206,Barbara J. DeVaney Memorial Scholarship Fund,"Any female-identifying high school student who is a single mother, woman of color, first generation college, or survivor of abuse may apply",https://bold.org/scholarships/barbara-j-devaney-memorial-scholarship-fund/,2026-09-21,"12 up to $10,000",
48b65b81,Because College is Expensive Scholarship,"High school sophomores, juniors & seniors, current college students and anyone else looking to attend college or graduate school.",https://cedaredlending.com/scholarship/,2026-09-30,$500,
fdf5600b,Zinda Law Group,"Seniors going into Political Science, government service or related field. US Citizen or permanent resident, must enroll in an acredited college or university Fall 2021. 500-1000 word essay on why you are a good candidate for this scholarship.",https://www.zdfirm.com/scholarships/,2026-09-30,"$1,000",
c2747658,Unigo: Shout It Out Scholarship,"Applicants must:  This award is for U.S. students.| Must be a legal U.S. resident.| Must be a resident of one of the 50 United States or the District of Columbia.| Must be 14 years of age or older at time of application.  Submit an online written response to the question:  ""If you could say one thin",https://www.unigo.com/scholarships/our-scholarships/shout-it-out-scholarship,2026-09-30,"$1,500",
306fb8e6,Pride In Diversity Scholarship,Eligibility: Open to students who are part of the LGBTQ+ community and are pursuing a degree in STEM.  Submit: Short video (1-2 minutes) describing your role as a member of the LGBTQ+ community in tech.,https://bold.org/scholarships/pride-in-diversity-scholarship/#ref=great-scholarships,2026-09-30,"$2,000",
22faea75,JMJ Phillip Group College Scholarships,"Seniors going into a STEM field, starting Fall 2021, 3.6 GPA, 1 letter of reference, 500-1000 word essay: ""How can STEM graduates in 2022 change the world in 2040?""",https://jmjphillip.com/jmj-phillip-stem-scholarship/,2026-10-01,4 awards of $1000,
6c82439f,Make your Mark Bookmark Contest,Paper application available in the College and Career Center or go to website and download template. Open to students K-12. Design an original bookmark using the given template.,https://my529.org/make-your-mark-contest/,2026-10-02,$1000 per age group,
9cd017c9,Web Design Scholarship,Submit an original web design page to show how creative you are!,https://www.loungelizard.com/scholarship/,2026-10-03,"$1,000",
29556415,What do you want to be when you grow up Art Contest,Open to all students. Submit original works of art online.,https://nvigate.gov/contest/,2026-10-13,$250 - $1000,
d448b62a,Hire a Helper Skilled Trade & Technology Scholarship,High School senior planning to enroll in a trade program after high school. 3.4 GPA Required,https://www.hireahelper.com/about/scholarships/,2026-10-14,4 awards for $2000,
863e341b,Daniels Scholarship Program,"fill out the online application while demonstrating your expceptional character, ability to lead, and serve.",https://www.danielsfund.org/scholarships/daniels-scholarship-program/overview,2026-10-15,Last Dollar,
70d9c11c,American Muscle Student Scholarship Program,High school seniors pursuing their post-secondary education in Automotive. 700-1500 word essay on who you are and how you plan on using your automotive educaiton to incite positive change and innovation within the custom car industry.,https://www.americanmuscle.com/scholarships.html,2026-10-15,"2 awards for $2,500",
a8dcf1cc,Pretty Actions Scholarship,This is an annual scholarship open to seniors. Learn more on their website.,https://www.lightroompresets.com/pages/pretty-photoshop-actions-scholarship-program,2026-10-15,$500,
ccd79b7d,CJ Pony Parts SCholarship Video Contest,Bi-annual contest open to any US Resident who will be enrolling in post-secondary education in the next semester after graduation. Open to all fields of study not just Automotive.,https://www.cjponyparts.com/cj-pony-parts-scholarship-video-contest,2026-10-15,$500,
2c7b4cfd,Fuji Film & Urban Outfitters Scholarhsips,"This contest is open only to legal residents of United States and the District of Columbia. Entrant must be sixteen (16) years of age or older at the time of application. Applicants must attend or plan to attend a two-year or four-year college, university or vocational/technical school.Complete the ",https://www.myscholarship.app/uo-fujifilm-scholarship-2021?UOUnigoAlertEmail,2026-10-16,"One award of $10,000 & two awards of $5,",
3d8a602c,2023 Mechanical One Scholarship,"Open to students who are pursuing a certification, certificate, associates, bachelors, or masters in engineering or a related area of study",https://mechanicalone.com/scholarship/,2026-10-16,"$2,500",
f168dba6,College Jumpstart Scholarship,"The College JumpStart Scholarship is an annual, merit-based competition -- financial need is not considered -- that is open to 10th-12th graders, college students and non-traditional students. The main requirement is that you are committed to going to school and can express your goals for getting a ",https://www.jumpstart-scholarship.net/,2026-10-17,"$1,000",
185faecb,Omega Psi Phi Fraternity International High School Essay Contest,The contest is open to all high school seniors college bound. Essay must be submitted through a chapter of the fraternity. 700-750 words in length,https://oppf.org/international-high-school-essay-contest/,2026-10-20,$1000 - %5000,
c5046ab0,Ourbookhive.com Scholarship,"Applicants must complete a minimum of 5 short book reviews on Ourbookhive.com . These reviews can be about any books you read as a child and should include information that will help others determine if this is a book they may want to read. Answer the question, ""What book influenced you the most as ",https://ourbookhive.com/scholarship-fund,2026-10-28,$500,
3c433abc,Voice of Democray Audio Essay,"The Voice of Democracy Program is open to students in grades 9-12 enrolled by the Oct. 31 deadline in public, private, parochial school, or home study program in the U.S., its territories or its possessions. Dependents of U.S. military or civilian personnel in overseas schools are also eligible to p",https://www.vfw.org/community/youth-and-education/youth-scholarships,2026-10-31,"$1,000-$30,000",
940936e7,Unigo: Zombie Apocalypse,"14 years or older, US Legal Resident, Essay of 250 words or less on: ""Imagine that your high school has been overrun with zombies. Your Math teacher, the cafeteria ladies, and even your best friend have all joined the walking dead. Flesh out a plan to avoid the zombies, including where you'd hide an",https://www.unigo.com/scholarships/our-scholarships/zombie-apocalypse-scholarship,2026-10-31,"$1,500",
772c8f38,Coca-Cola Scholars Program,Open to high school seniors. Applicant must be a US Citizen or permanent resident or refugee. 3.0 minimum GPA and on track to graduate with their class.,https://how2winscholarships.com/coca-cola-scholarship/,2026-10-31,"$2,000",
62ee68f7,Youth Wildlife Art Contest,"Open to all students. Entries must be signed by the artist and be an original piece portraying any North American game bird, or animal that may be legally trapped or hunted.",https://artcontest.nra.org/how-it-works/,2026-10-31,$250 to $1000,
137daddb,DP Law Encouraging Diversity Scholarship,High School seniors. Minimum GPA of 3.0 required. 750-1000 Word essay response to the prompt: Why do you want to become a lawyer? What type of law are you pursuing? What motivates you?,https://www.dplaw.com/encouraging-diversity-scholarship/,2026-10-31,"$1,000",
4c89d95f,2023 Steve Duckett Local Conservation Scholarship,"High School seniors. 3.0 GPA. Must demonstrate a commitment to environmental conservation using past, present volunteer, professional or educaitonal experiences. 750-1000 word essay",https://virginiacriminallaws.com/2023-steve-duckett-local-conservation-scholarship/,2026-10-31,"$1,000",
f1d5aea4,VFW Youth Scholarships,US Citizen or permanent resident all grades. Student's must submit a 3-5 minute audio essay on the given topic found on the website.,https://www.vfw.org/PatriotsPen/,2026-10-31,"$35,000",
276af84b,Steel Root Scholarship,Open to current Juniors who will pursue an career in Cyber Security and Technology,https://c3isit.com/about-us/steel-root-scholarship/,2026-10-31,"$10,000",
a2075fa4,Atlas Shrugged Essay Contest,": Entrant must be a 12th grader, college undergraduate, or graduate student for any part of the school year in which the contest is held. Contest is open to students worldwide, except where void or prohibited by law.  Submit: 800 – 1,600 word essay.",https://aynrand.org/students/essay-contests/atlas-shrugged/,2026-11-06,"Up to $10,000",
c728f990,Regeneron Science Talent Search,"Graduationg HS student, submit original research in scientific field",https://sciencetalentsearch.smapply.org/,2026-11-08,"up to $250,000",
4a6da953,Daughters of America: Patriots of the American Revolution DAR High School Essay ,"BY RECCOMENDATION ONLY. Students will be asked to discuss how their chosen Patriot contributed to the founding of the nation. These Patriots may be one of our famous Founders, or an everyday man, woman, or child who supported the American Revolution in ways both large or small. We hope that this wid",https://blog.dar.org/patriots-american-revolution-dar-high-school-essay-contest,2026-11-08,Varies,
9d1d01df,Hispanic Heritage Foundation Scholarship,"HS Senior mimimum GPA of 3.0, must enroll in a higher education institution for the 2024-2025 School year. Must be of hispanic heritage (includes Spain, Brazil, Philipines). If selected must attend the virtual regional awards ceremony",https://hhfawards.hispanicheritage.org/2023/forms/welcome.php,2026-11-13,Up to $4000,
cd3a85ab,Geneva Rock Scholarship,"To be eligible, applicants must be currently enrolled in an accredited university, college, trade or vocational school. Scholarship applicants must be in pursuit of construction-related careers including, but not limited to: Construction management, civil engineering, business, and commercial/profes",https://genevarock.com/company/scholarship/,2026-11-15,"$2,000",
468a89a1,10 Words or less Scholarshop,"Ages 14-25, attending college in Fall 2023, Submit response to essay prompt",https://studentscholarships.org/easy.php,2026-11-15,"$1,000",
0f71a1c1,Odenza Marketing Group Scholarship,"Be between the ages of 16 and 25 on the day of the deadline. B) Submit answers to the essay questions, which can be found on the application page, prior to the deadline. C) Have at least one full year of post-secondary studies remaining at the time of the award. (Current High School Students are als",https://odenzascholarships.com/apply.php,2026-11-15,$500,
778bac91,KANOSKI BRESNEY STAND UP TO DISTRACTED DRIVING SCHOLARSHIP,You are a high school senior who will be starting your college or university education in Spring 2023. You are a U.S. citizen. You have a current overall GPA of at least 3.0. How has distracted driving affected your life? What ideas do you have to raise awareness of the dangers of distracted driving,https://www.kanoski.com/community-involvement/distracted-driving-scholarship,2026-11-29,"$1,000",
61e204cd,Unigo: Education Matters $5K Scholarship,"US student, 14 years or older, Legal resident. 250 word Essay on ""What would you say to smeone who thinks education doesn't matter, or that college is a waste of time and money?""",https://www.unigo.com/scholarships/our-scholarships/education-matters-scholarship,2026-11-30,1 award of $5000,
47bce2b3,Safe Cycling Scholarship,"The scholarship is open to any current high school senior, college student or graduate student residing in one of the 50 states or the District of Columbia and who is enrolled for the 2021 school year. Candidates for this scholarship should have a minimum GPA of 3.0 or higher",https://felixgonzalezlaw.com/2020-safe-cycling-scholarship/,2026-11-30,1 award of $1000,
e3fc9421,Driver Education Initiative,Submit an essay of no less than 750 words addressing the questions listed on the website. Reward will be made directly to college that the applicant has been admitted to.,https://www.dmvedu.org/scholarship/,2026-11-30,2 rewards: $500,
2edc0a62,"BACHUS & SCHANKER, LLC SCHOLARSHIP","Open to any high school senior accepted to attend a four-year university by the time of the award, or full-time student attending a four-year university in the United States who carries a 3.0 cumulative GPA.",https://www.coloradolaw.net/scholarship/,2026-11-30,"$2,000",
2e01d285,2022 Selfless Parent Scholarship,"The scholarship is open to any current high school senior, college student, or graduate student who is a legal resident of the United States residing in one of the 50 states or the District of Columbia and who is enrolled in a two to a five-year post-secondary institution for the spring 2023 semeste",https://divorcefirm.net/2022-selfless-parent-scholarship/,2026-11-30,"$1,000",
4f88783c,"$50,000 You Matter Scholarship",High School Senior,https://myscholly.com/ymuscholarship?utm_source=unigo&utm_medium=affiliate&utm_campaign=b2c&utm_term=partnership,2026-11-30,"$10,000 (5 awards)",
32ce11eb,ACF Visionary Scholarship,"Open to all students, legal resident. Must submit a high school transcript and a 500-600 word essay on ""Why College is Important to Me.""",https://americancollegefoundation.org/college-planning-visionary-scholarship-details/,2026-12-01,6 awards of $5000,
9489db3e,American Rocketry Challenge,"B part of a team of three to ten in grade 6-12, Build a model rocket that carries one large hen egg to an altitude of 850 feet, stays airborne between 42-45 seconds and returns the rocket to the goung safely.",https://rocketcontest.org/,2026-12-01,"$20,000",
e9d6dcc1,SUU Scholarships,high school seniors who have applied to SUU,https://www.suu.edu/finaid/scholarships.html,2026-12-01,varies by scholarship,
c2bc0210,Luigi Wewege Foundation Scholarship,"American High School seniors who have been accepted into a college or university within the US. 500 word Essay on the question, ""HOw will retail banking change over the next decade?""",http://www.luigiwewegefoundation.com/criteria/,2026-12-01,1 award of $1500,
1cd1fc9f,Lamber-Goodnow Injury Law Team Education Scholarships,"Several Scholarships available, 500-750 word essay on question given on website. Minimum GPA 2.8",https://lambergoodnow.com/scholarships/,2026-12-01,"$1,000",
17882fd2,Dell Scholars Program,"Juniors and Seniors who can show financial need and qualify for Federal Assistance, 2.4 minimum GPA. Students should be enrolled in a college readiness program, such as GEAR UP, AVID, Upward Bound",https://www.dellscholars.org/scholarship/,2026-12-01,"$20,000 and other non-monetary assistanc",
75278ef8,Rubincam Youth Award,"High School Students grades 9-12, Submit an Appropriately Prepared genealogy.",https://www.ngsgenealogy.org/competitions/rubincam-youth-award/,2026-12-15,$500,
af25494d,G2 Overachievers Grant,"Send a handwritten story describing what you or someone you know is doing to be a difference-maker. Share where it happened, how it worked, who it impacted and why it mattered. There’s a 2,500-word maximum for each entry, and you can submit by uploading to our entry page or via mail",https://powertothepen.com/g2overachievers/,2026-12-15,"$100,000",
7b2d19b3,James W. McLamore WHOPPER Scholarship,"Seniors, US Citizen, 3.3 GPA, ACT Composite 25+, students who can demonstrate an active leadership role in community service, athletics, and /or similar co-curricular activity (i.e. student gov., team sports, etc.). Students who demonstrate substantial work experience and financial need.",https://burgerking.scholarsapply.org/information.php,2026-12-15,"$50,000",
48c6c793,BYU Scholarships,Requirements vary depending on the specific scholarship.,https://enrollment.byu.edu/financialaid/apply-for-scholarships,2026-12-15,Awards vary depending on scholarship.,
d298d4a6,Utah Financial Literacy Essay Contest,"The Utah Jump$tart Coalition works to promote adequate funding of financial literacy education in Utah and to increase cooperation between schools, businesses and community organizations. In cooperation with America First Credit Union, the Utah Jump$tart Coalition offers u scholarships to Utah's hig",https://www.utahjumpstart.org/scholarship,2026-12-15,"$1,250",
b5b8e824,Too Cool to Pay for School,"Open to high school, college, and graduate school students of all years. Must be currently enrolled full time (in high school or at an accredited university) or planning on enrolling within 24 months.",,2026-12-31,Varies,
f5f0f643,Wise Wealth Scholarship,"Minimum GPA of 3.5 Major of study must support a career in the finance industry (e.g., finance, business, accounting, mathematics, management, and other related majors) Must be a US resident Must send in an official transcript Must be a current or future college student (e.g., high school senior) Sc",https://www.badcredit.org/scholarship/,2026-12-31,"$1,000",
d5b7fb76,Unigo: 10 Things You Love About You,"14 years or older, US Legal Resident. Essay of 250 words or less on: ""Create a Top Ten List of the top ten reasons you should get this scholarship.""",https://www.unigo.com/scholarships/our-scholarships/top-ten-list-scholarship,2026-12-31,"$1,500",
85c73f32,Unigo $10K Scholarship,"US legal resident, US student, 14 years or older. 250 word essay, ""Imagine a historical figure is brought back to life. Who is it? What's their favorite mobile app?""",https://www.unigo.com/scholarships/our-scholarships/unigo-10k-scholarship,2026-12-31,"1 award of $10,000",
051f73cb,King Eagle Scout Scholarship,A) Be an Eagle Scout between the ages of 13-18. B) Compete at the local Chapter level prior to competing at the National level.,https://www.sar.org/arthur-m-berdena-king-eagle-scout-contest/,2026-12-31,"$10,000",
b9a058c1,Opportunity to Grow Scholarship,"The scholarship is open to any current high school senior, college student or graduate student who is a legal resident of the United States residing in one of the 50 states or the District of Columbia and who is enrolled in a two to five year post-secondary institution A minimum GPA is not required",https://familylawyersnewjersey.com/2021-opportunity-to-grow-scholarship/,2026-12-31,"$1,000",
bb03a54d,Open Door Scholarship,"The scholarship is open to any current high school seniors, college freshmen, and college sophomores residing in one of the 50 states or the District of Columbia and who is enrolled and/or accepted for the 2021-22 school year. Candidates for this scholarship should have a minimum GPA of 3.0 or highe",https://chadjoneslaw.com/2021-open-door-scholarship/,2026-12-31,"$1,000",
f2ff2580,NRA Civil Rights Defense Fund Youth Essay Contest,"For grades 9-12, Write an 1000 word Essay on ""What does the Second Amendment mean to you?""",https://www.nradefensefund.org/essay-contest/,2026-12-31,"$1,000",
e364c7ed,Humanity Rising Scholarship,Must be a current high school student at the time of application. Must be 13 years of age or older at the time of application. Must be a U.S. citizen or permanent resident. This award is for U.S. students.,https://humanityrising.org/students/,2026-12-31,"$4,000",
722eb9eb,Path to Success Scholarship,"Eligibility  The scholarship is open to any high school senior, college student, or graduate student who is a legal resident of the United States and living in the U.S. The student also must be enrolled in a two – five year post-secondary institution for the Spring 2023 semester. Employees of Jan Di",https://jandils.com/2022-path-to-success-scholarship/,2026-12-31,"$1,000",
cde9a7b9,Customized Girl Scholarship,"US legal resident, US Student. Fill out online application. Follow @customizedgirl on instagram and post a 140-word statement of what you think the world needs to hear right now. Use hashtag #CGScholarship",https://www.unigo.com/scholarships/high-school-students/scholarships-for-high-school-juniors/customized-girl-scholarship,2026-12-31,"$1,000",
49b75867,CC Bank's Young Scholars Scholarship,"All high school students, US Resident, minimum GPA of 3.0, enrolled in school, will require an essay of 250 - 400 words on topic supplied on application",https://studentscholarships.org/scholarship/13729/cc-banks-young-scholars-scholarship,2026-12-31,5 awards of $2000,
1e739b3f,Jump$tart Scholarship,High school junior or senior who has successfully completed or is enrolled in a HS Financial Literacy course. The applicant cannot be related to anyone on the Utah Jump$tart Coalition Board of Directors or Staff.,https://www.utahjumpstart.org/scholarship,2026-12-31,Up to $1250,
9c39b57b,Utah Prime Program Scholarship,"Opens January 2, 2024 - Utah class of 2024",https://ushe.edu/prime-program-grant/,2026-01-19,$500 - Subject to available funding,
4c0adc89,MJ Phillip Group College Scholarships,"Seniors going into a STEM field, starting Fall 2021, 3.6 GPA, 1 letter of reference, 500-1000 word essay: ""How can STEM graduates in 2022 change the world in 2040?""",https://jmjphillip.com/jmj-phillip-stem-scholarship/,2026-01-01,4 awards of $1000,
831d073d,Berto Diaz Engineering Schcolarship (Mechanical),"Senior who has been accepted into a 4-year engineering program at an accredited university in the US by May 1, 2021. Short answer questionaire to be filled out online.",https://www.bertodiazengscholarship.org/?Apply,2026-01-01,"$1,000",
fedcc3c0,GE Reagan Foundation Scholarship,"High school senior, 3.0 minimum GPAUS Citizen. Demonstrate in school, work and community the attributes of leadership, drive, integrity and citizenship.",https://www.reaganfoundation.org/education/scholarship-programs/ge-reagan-foundation-scholarship-program/,2026-01-05,"20 awards of $10,000/per year",
831e2da7,The Gold Law Firm Challenge Yourself Scholarship,"How has participation in activities such as scouts, acting, debate, and/or speech helped you get through difficult periods of your life, build leadership skills, or prepared you for success in the future? The student must also hold citizenship or permanent residency within the United States and be a",https://www.thegoldlawfirm.net/scholarship,2026-01-05,"$1,000",
33c49f86,USU Scholarships,seniors who have applied to USU for Fall 2021,https://www.usu.edu/scholarships/incoming/index,2026-01-10,Awards vary by Scholarship,
4de4d440,Taco Bell Live Mas Scholarship,High school student 16 years or older with parental consent to produce a short 2 minute or less video that talks about your passion and how you plan to make a positive change in your comunity/world and how your education will help you pursue your passion and make those changes.,https://www.tacobellfoundation.org/live-mas-scholarship/,2026-01-11,"100 awards of $25,000",
d064b03f,Washington Crossing Foundation Scholarship,"high school senior entering college Fall 2021 planning a career in government service. US Citizen, 1 page essay stating why he/she is planning a career in government service, including any inspriation that can be derived from the leadership of George Washington in his famous crossing of the Delaware",https://www.gwcf.org/scholarship,2026-01-15,39 awards of up to $5000,
cb02937b,Samuel L. Goodman Educational Scholarship,Undergraduate student (two or four-year degree program) African American 3.0 or higher,https://bold.org/scholarships/samuel-l-goodman-educational-scholarship/,2026-01-15,"$2,000",
59d91726,Utah School Counselor Association Scholarship,High School senior. Essay about a high school counselor who has had a postive influence on them. Students must log into website in order to write essay and apply.,https://completescholarships.org/,2026-01-15,Varies,
11e8ed64,John F. Kennedy Profile in Courage Essay Contest,"High School students. Essay, max word count is 1000 words, minimum of 700. Students will write and original and creative essay that demonstrates an understanding of political courage as described by John F. Kennedy in Profiles in Courage. Use at least 5 sources such as government documents, newspape",https://www.jfklibrary.org/learn/education/profile-in-courage-essay-contest/getting-started,2026-01-15,"8 awards of $10,000",
66d3b56c,DFA Cares Foundation Scholarship,Dairy Farmers of America Scholarship is for high school seniors planning on attending college Fall 2021 and pursue a career related to the dairy industry or a related field. A list is available on the website.,https://www.dfamilk.com/careers/students-and-graduates,2026-01-15,20 awards of $1000,
445be813,Amazon Future Engineer Scholarship Program,"US Citizen or permanent resident or Work Eligibility, high school senior taking an advanced computer science course through AP or CE, planning on completing a computer science degree in college. Minimum GPA of 3.0. Application closes at 3:00 pm Central Time.",https://scholarshipamerica.org/amazonfutureengineer/,2026-01-25,"$40,000 & Paid Internship at Amazon",
ef642bbe,Asian and Pacific Islander American Scholarship,"High School senior, financial need based on income level, first generation college student, Asian or Pacific Islander ethnicity, legal permanent resident of the US, 2.7 minimum GPA, Must apply for FAFSA for the 2021-2022 school year.",https://apiascholars.org/scholarship/apia-scholarship/,2026-01-26,"500 awards of up to $20,000",
781c6626,CTE Scholarships,Senior students planning on attending one of the participating institutions. See website for details,https://www.schools.utah.gov/cte/resources/scholarshipsawards?mid=3119&tid=0,2026-01-29,Varies per institution,
f3701133,Unigo: I have a Dream Scholarship,"14 years or older, 250 words or less essay on ""What do you dream about?"" Whether it's some bizarre dream you had last week, or your hopes for the future, share your dreams.",https://www.unigo.com/scholarships/our-scholarships/i-have-a-dream-scholarship,2026-01-31,"$1,500",
f5548d4c,The Princeton Prize in Race Relations,"Recipients of the Princeton Prize in Race Relations have stood up to intolerance, worked toward advancing racial equity, and encouraged racial comity in their school or communities.",https://pprize.princeton.edu,2026-01-31,Varies,
a719fc5f,Utah Elks Association Scholarship,This scholarship is also for the Elks Association but is based on special needs. Applicants must be a senior and a US Citizen,Paper application available in the CCC,2026-02-01,Varies,
2f409563,University of utah Scholarships,seniors planning on attending University of Utah,https://financialaid.utah.edu/types-of-aid/scholarships/freshman/index.php,2026-02-01,Awards vary by Scholarship,
a01bf2f4,Utah NAME Student Essay Contest 2023,"ALL GRADES! Please write an essay that responds to the following prompt question:  In what ways have you empowered yourself by being connected to your culture, celebrating your identity, and belonging to your community? Or in what ways have you felt isolated and discriminated against your identities",https://docs.google.com/forms/d/1BaaG857ZqMjEkWKtZbF96myLw1GlAUvO4KvSkaguJoc/edit,2026-02-03,$500,
f09fff51,McDonald's HACER National Scholarship,"Senior, US Legal Resident, DREAMer or DACAmented, 2.8 GPA or higher",https://www.mcdonalds.com/us/en-us/community/hacer.html,2026-02-03,"30 awards of $100,000",
9f5f0cc3,Elks National Foundation Legacy Award,child or grandchild of an current Elks Member. must be a senior student,https://www.elks.org/scholars/scholarships/legacy.cfm#WhoIsEligible,2026-02-06,300 awards of $4000,
8e5f1e2e,Hispanic Scholarshp Fund,"Senior Students with Hispanic Heritage. 2.5 minimum GPA . Must complete FAFSA or state based financial Aid, US Citizen or legal resident or DACA",https://www.hsf.net/,2026-02-15,Dependent on need and available funds,
5b871e05,Dr Eugene Kramer Scholarship for Future Doctors of America,"In order to apply, be a current undergraduate student at a university in the United States or a High School student that plans to attend university. The scholarship is geared towards students who plan to attend medical school in the future.  The winner of the scholarship will be selected by an essay",https://dreugenekramerscholarship.com/dr-eugene-kramer-scholarship/,2026-02-15,"$1,000",
ee328194,Wells Fargo Scholarship Program for People with Disabilities,"Have an identified disability (defined as someone who has, or considers themselves to have, a long-term or recurring issue that impacts one or more major life activity) Have a minimum grade point average of 3.0 on a 4.0 scale or its equivalent Be a high school senior or graduate who plans to enroll ",https://learnmore.scholarsapply.org/pwdscholarship/,2026-02-18,"student will receive a $2,500 award for ",
c0f50905,Information Security Undergraduate Scholarship,senior with 3.3 GPA,https://iamcybersafe.org/s/undergraduate-scholarships,2026-02-20,20 awards of up to $5000,
93a98cd2,The Utah High School Entrepenuer Challenge,Utah residents ages 14-18 can enter a business idea. May have a team of up to 5 people.,https://lassonde.utah.edu/hsuec/guide/,2026-02-21,"$10,000",
e3ba81c5,Freedom Festival Essay Contest,All grades K-12. Essay must focus on some aspect of the theme of the contest as given on the website.,http://freefestival.wpengine.com/event/essay-contest/,2026-02-22,"Division Grades 7-9 $200, Division Grade",
9b1eb0da,Coolidge Scholarship,"High School Juniors, US citizen or legal resident. Applications must be completed online",www.coolidgescholars.org,2026-02-23,Full-ride scholarship for 4 years,
cc781daa,Scholars Helping Collars Scholarship,"HS Senior who can tell the best story, describing the impact he or she made in the life of a rescue animal or animal welfare cause in general.",https://www.petplay.com/pages/scholarship,2026-02-27,up to $1500,
945610a2,Unigo: Big Things Come In Small Packages,"14 years or older, Legal US Resident. 250 Words or less essay on ""Not every gift has to be expensive or extravagant. In fact, sometimes it's the sweet and simple things that make a real difference in our lives. Think back and tell us about something you received as a gift and why it meant so much to",https://www.unigo.com/scholarships/our-scholarships/sweet-and-simple-scholarship,2026-02-28,"$1,500",
e0f76ec4,Joseph James Morelli Scholarship,Seniors going into a STEM field of study in their post secondary education. This means they can be attending a technical college going for a certification or 2 year degree. This scholarship is for a student who has a demonstrated learning disability of dyslexia or similar reading or language based d,https://morelli.foundation/scholarship-applications.htm?utm_source=sendgrid.com&utm_medium=email&utm_campaign=website,2026-02-28,"up to $2500 and can go towards tuition, ",
0d90ead0,Freedom Festival Art Contest,"All students K-12. Entries must be original work, submitted in digital jpg format only and no smaller than 300 dpi. No personal or identifying information may appear on the artwork itself.",http://freefestival.wpengine.com/event/art-contest/,2026-02-28,500 per division,
52d77f15,UVU Scholarships,"students who have applied to UVU, including those CE students whose applications automatically turn over to on campus students",https://www.uvu.edu/financialaid/scholarships/,2026-03-01,varies by scholarship,
b40bbbe6,Utah Young Humanitarian Scholarship,"Juniors and seniors, who have completed humanitarian service and are committed to humanitarian service",https://www.youthlinc.org/scholarships/young-humanitarian-award/,2026-03-01,"up to $5,000",
f6f85c48,Utah Jazz Scholarship,"High School senior, person of color, preference given to those with demonstrated financial need - regardless of FAFSA eligibility - Preference given to first generation students, Admissions to one of the six listed Utah Universities: BYU, SUU, Weber, U of U, USU, UVU",https://10000degrees.tfaforms.net/4760317,2026-03-01,Award amount varies per Utah Institution,
4d1e58d2,One Refugee Scholarhsip,"Either you or your parents come from a refugee background  Full-time undergraduate student (taking 12-14 credits)  Completed FAFSA application for 2022-23 school year  Resident of Utah or Idaho  College English and math ready  Minimum 2.5 GPA  Highly-motivated, Opens 12/1",https://www.onerefugee.org/apply-now,2026-03-01,Varies,
6f64fe62,Engebretson Foundation Scholarship,"Senior with 28 composite ACT and 3.75 GPA, who has completed the FAFSA application and has received their Student Aid Report showing the EFC. Application is online to be filled out then printed and mailed along with teacher recommendations together in one envelope",https://www.engebretsonfoundation.org/application.html,2026-03-01,"$5,000",
07943bbf,Education Matters Scholarship,"High school senior with 3.0 GPA or higher, current resume, HS transcript, 1000 word essay on ""Discuss the strengths and weaknesses of the American Education System based on your own experiences. Include realistic ways in which the system could be improved and explain how and why it would benefit a w",https://roachlawoffice.com/2022-education-matters-scholarship/,2026-03-01,"$1,000",
0c5b8c30,Life Lessons Scholarship,"The Life Lessons Scholarship Program is open only to legal residents of the fifty (50) United States, the District of Columbia and Puerto Rico, who are between 17 and 24 years of age, have experienced the death of a parent or legal guardian, and are currently enrolled in, or have been accepted to, a",https://lifehappens.org/life-lessons-scholarship-program/application/,2026-03-01,Varies,
0ef127c4,Dixie State Scholarships for Utah Residents,"Must be accepted to Dixie State for Fall 2021, US Citizen, intent to graduate from Dixie State",https://scholarships.dixie.edu/utah-resident-freshman-scholarship/,2026-03-01,Awards vary by Scholarship,
b69efdfc,David & Dovetta Wilson Foundation Scholarship,"HS senior engaged in academic excellence, civic and religious acts of service and able to demonstrate a commitment to use their education to give back to local, state and national communities. US Citizen or legal resident, plan to attend an accredited college or university. Submission requirements a",http://wilsonfund.org/apply/,2026-03-01,9 awards up to $1000,
7eb3c1ce,American Legion: Eagle Scout of the Year,"• Be either a registered active member of a Boy Scouts of America unit that is chartered to an American Legion post, American Legion Auxiliary unit or Sons of The American Legion squadron.",https://www.legion.org/scholarships/eaglescout,2026-03-01,Varies,
af613762,AICPA Legacy Scholarships,Students Interested in pursuing a career in accounting,https://www.thiswaytocpa.com/education/aicpa-legacy-scholarships/,2026-03-01,Varies,
13bb4753,ACS Scholars Program,"U.S. citizens or a legal permanent U.S. residents (please inquire via email if you have questions regarding asylum or DACA status) African-American/Black, Hispanic/Latino, or American Indian (please see below for more details) Graduating high school seniors or college freshmen, sophomores or juniors",https://www.acs.org/content/acs/en/education/acs-scholars/apply.html,2026-03-01,Varies,
0e8b4b10,AG Bell College Scholarship Awards,"To be eligible, spoken communication must be the applicant's primary mode of communication and hearing loss must have been diagnosed before the applicant's fourth birthday. Hearing loss must be bilateral and in the moderate to profound range. Applicants must have an unaided Pure-Tone Average (PTA) o",https://www.agbell.org/Connect/AG-Bell-College-Scholarship-Program,2026-03-03,Varies,
636add96,WWGF Foundation Scholarships,"Women's Western Golf Foundation will accept applications from girls who are actively participating in the sport of Golf. 3.5 GPA. Show character, integrity and leadership in Resume.",https://wwgf.esfhost.com/info/,2026-03-04,"20 awards of $!0,000",
ce412409,Doodle 4 Google,"K-12 students, bring your creativity to life in a Doodle for Google logo, use any medium",https://doodles.google.com/d4g/,2026-03-04,"$30,000",
aca8e807,Private Frontier Scholarship Essay Contest,"students ages 12-18. Essay of 500-1000 words on the topic: Certain endeavors were always considered a job for government, but entrepreneurs have changed that. Consider space exploration. Elon Musk's SpaceX recently sent two astronauts into space for two months. But it's not just up in space that ent",https://stosselintheclassroom.org/essay-contest/,2026-03-11,88 awards of $2500,
3a01a9fd,"Jiffy Lube Teen Driver ""What Drives You"" Scholarship","for Utah students 16-18, enrolled in high school during the 2020-21 school year. Write a 500 word typed essay about what drives you now.",https://www.yourturn2apply.com/utah.htm,2026-03-14,up to $6500,
8d949dc9,BMW/SAE Engineering Scholarship,"US Resident, senior, 3.75 GPA minimum, pursuing an engineering or ralted science degree through an ABET accredited program",https://www.sae.org/participate/scholarships/bmw-sae-engineering-scholarship,2026-03-14,"$1,500",
2fe00fdc,Beyond the Boroughs National Scholarship,High School senior entering college Fall 2021. Minimum 2.5 GPA involved in extracurricular activities. Come from low-income household. Must submit a completed FAFSA Student Aid Report with application.,http://www.beyondtheboroughs.org/the-scholarship/scholarship-requirements/,2026-03-15,"2 awards of $20,000",
602e1b89,Real Life Scholarship,Have a refugee or immigrant background Be a Real Life participant Be accepted to a college or university and be a full-time student Maintain a minimum 2.5 GPA Complete FAFSA (PELL eligible),https://www.youthlinc.org/real-life-scholarship/,2026-03-15,"up to $5,000",
28cd2a1a,Microsoft Disability Scholarship,"To be considered for the Microsoft Disability Scholarship, you must:  Be a current high school senior living with a disability (as defined by WHO), whether that be visual, hearing, mobility, cognitive, speech or other disability. Plan to attend an undergraduate program in a 2 or 4-year University/Co",https://www.microsoft.com/en-us/diversity/programs/microsoftdisabilityscholarship.aspx,2026-03-15,"annual award of $5,000 for up to four (4",
2ceb44d4,Horatio Alger State Scholarship,Be enrolled full time as a high school junior in the United States Exhibit a strong commitment to pursue and complete a bachelor’s degree at an accredited non-profit public or private institution in the United States (students may start their studies at a two-year institution and then transfer to a ,https://app.smarterselect.com/programs/85190-Horatio-Alger-Association,2026-03-15,"$10,000",
b4d267bf,Graf Orthodontics Scholarship,"Senior students who have been a Graf Orthodontics Patient. Write an original 1,000 word essay on our theme: ""The Gift of a Smile"" Email your essay, along with the entrance application (see attachment) and a senior photo to: orthoteam@briangrafortho.com Or Bring all three items into our office: 419 N",Application available in the CCC OR http://www.briangrafortho.com/patient/scholarships,2026-03-15,"$1,000",
75b6cc32,Fred M Young Sr. Engineering Scholarship,"HS Senior, 3.75 minimum GPA, Pursuing an engineering or related science degree through an ABET accredited program. Provide 2 letters of recommendation 1-academic, 1-involvement in extracurricular. Have held leadership positions either in school or outside of school.",https://www.sae.org/participate/scholarships/fred-m-young-sr-sae-engineering-scholarship,2026-03-15,"$1,000",
3d7959ed,Donald and Barbara Mozley Scholarship,all students going into engineering or related field in college. Have participated in STEM activities in or out of school. 3.5 GPA or higher,https://www.sae.org/participate/scholarships/donald-and-barbara-mozley-scholarship,2026-03-15,7 awards of $5000,
e048a32c,Mattress Advisor Sleep Science Scholarship,"HS Seniors attending school Fall 2021, 800-1000 word essay exploring their personal relationship with sleep health and the impact it's had on their education. The essay should quote from recent studies in the field and explain what resources are available to help reduce poor sleep health.",https://www.mattressadvisor.com/sleep-scholarships/,2026-03-20,"$1,000",
c5ace97f,$1000 March Scholarship,"Lottery scholarship - All students can enter, no essay required. Be prepared to get spam from entering this scholarship.",https://www.niche.com/colleges/scholarship/march-scholarship/?utm_source=ScholarshipExperts&utm_medium=Referral&utm_campaign=SEmonthly&source=se,2026-03-20,"$1,000",
bccf1360,4-H Youth in Action Awards,See website for details,https://4-h.org/parents/4-h-youth-in-action-awards/#!2023-application,2026-03-28,"$5,000",
2d9e9505,Culvers Scholarship,"Be employed at Culver’s at least six months as of the due date. Have worked at Culver’s at least 400 hours over the last 12 months (as of the application due date). Be high school seniors or graduates, or current postsecondary undergraduates, or graduate level students who plan to enroll in part-tim",https://learnmore.scholarsapply.org/culvers/,2026-03-29,"$5,000",
e0b7cfab,Unigo: Faster Than the Click of a Button,"14 years or older, Legal US Resident, 250 Words or less essay on: Which Superhero or villian would you want to change places with for a day and why?""",https://www.unigo.com/scholarships/our-scholarships/superpower-scholarship,2026-03-31,"$2,500",
f1d86bfd,National Cyber Scholarship Competition,"This NCS Competition is a new type of CTF that has challenges for every level. Students can qualify for the National Cyber Scholarship Competition through CyberStart America, beginning on October 30, 2020, or through alternative entry routes include the Spring picoCTF competition and the CyberPatrio",https://www.nationalcyberscholarship.org/,2026-03-31,$2500 Scholarship and $3000 worth of tra,
d77ca8f1,LULAC Honors Awards,"Honors Awards ($500 to $2,000): GPA of 3.0 or better on a 4.0 scale or equivalent, and if the student is an entering freshman, 23 or higher on the ACT test, or 1100 or higher on the SAT test.GPA ≥ 3.00 Education Level High School - Class of 2021, Community College, College (4-year) Ethnicity:Hispani",https://app.goingmerry.com/scholarships/lulac-honors-awards/7638,2026-03-31,"$500 - $2,000",
0aa75900,Kezian Science Scholarship,"High School seniors 18 years or older, 1-2 page essay on why you deserve the scholarship",https://www.drkezian.com/science-scholarship/,2026-03-31,"$1,200",
060f896d,University of Aftermarket Foundation,"Full time students at an accredited U.S. college or university or an ASE/NATEF Certified post-secondary automotive, heavy duty, or collision repair school Graduating high school seniors planning to be full time students at any of the above No GPA requirement",https://automotivescholarships.com/apply-online,2026-03-31,"$10,000",
76431c48,USPAACC Scholarship,Applicants must be of Asian-Pacific Island heritage and live in the United States.,https://fs25.formsite.com/i42EXM/agpem7py5n/index.html,2026-03-31,"$3,000",
99738d9c,GAMMA MU Foundtation Scholarship,"All male students under 35 years of age who (1) identify themselves as gay, (2) are U.S. citizens and (3) will have graduated from high school, or received their GED Certificate, by June of the application year are eligible to apply. Graduate level candidates may also apply.",https://www.grantinterface.com/Home/Logon?urlkey=gammamufoundationscholarship,2026-03-31,"$1,000-2,500",
846ae6a0,Driver Education Initiative Annual Scholarship,High School Student who drives. Essay on Being a driver. For more details go to the website.,https://www.dmvedu.org/scholarship/,2026-03-31,6 awards of $500,
d2fc3d89,Beyond the Cure Ambassador Scholarship,Any student under the age of 25 who has been diagnosed with cancer or a high grade or anaplastic brain tumore prior to the age of 18. US Citizen attending school in the US Fall 2021,https://www.thenccs.org/scholarship,2026-03-31,58 awards of $3500,
5a433451,Actuarial Diversity Scholarship,"Must have at least one birth parent who is a member of one of the following minority groups: Black/African American, Latinx, Native North American, Pacific Islander. Enrolling as or enrolled as a full-time undergraduate student at a U.S. accredited educational institution. Minimum cumulative GPA of ",https://www.actuarialfoundation.org/scholarships/actuarial-diversity-scholarship/,2026-03-31,"$1,000-$4,000",
bf243d5e,2021 Side Hustlin' Student Scholarship Opportunity,"Senior student , 1000+ word essay about how you are earning extra income on the side of going to school. Topics can include anything from how you started a business, to why you decided to get a job, to how your parents encouraged you to work. See website for more details.",https://thecollegeinvestor.com/18899/side-hustle-student-scholarship-opportunity/,2026-03-31,$100 - $2500,
74587880,$5000 Flavorful Futures Scholarship,"Must be a U.S. citizen or permanent legal resident of the United States. Must be a high school senior graduating between August 1, 2021 and July 31, 2022. Must have a cumulative high school grade point average (GPA) of at least 2.5 on a 4 point scale (high school/home schooled seniors). Must enroll ",https://apply.mykaleidoscope.com/scholarships/flavorfulfutures,2026-03-31,"$5,000",
3a437bfb,Districts Make the Difference: Video Contest,"U.S. High school students grades 9-12 are strongly encouraged to participate in this contest for its educational engagement and scholarship opportunities. Enjoy creating a video and learning about special districts for a chance to win up to $2,000! Suggested Topic for PCSD : CE, CTE and CAPS program",https://www.districtsmakethedifference.org/video-contest,2026-03-31,"$2,000",
0c4b1026,$5000 Flavorful Futures GO GREEN Scholarship,"Must be a U.S. citizen or permanent legal resident of the United States. Must be a high school senior graduating between August 1, 2021 and July 31, 2022. Must have a cumulative high school grade point average (GPA) of at least 2.5 on a 4 point scale (high school/home schooled seniors). Must intend ",https://apply.mykaleidoscope.com/scholarships/flavorfulfuturesgogreen,2026-03-31,"$5,000",
09738f4d,James Beard Foundation Scholarship,"Culinary Arts Students, 250 word personal statement detailing what makes you a great candidate for a JBF scholarship, two letters of recommendation, a copy of your transcript, and an updated resume.",https://aim.applyists.net/JBF/Initiate,2026-03-31,Varies,
1d5a0a31,Stossel in the classroom essay contest,"Eligibility – The contest is open to writers in grades 5-12, (ages 10-18) at some point during the contest period September 1, 2022-March 31, 2023. No more than one submission will be accepted for each essay writer. Writers must be located in North America, Hawaii, or a U.S. military address, and al",https://stosselintheclassroom.org/essay-contest/,2026-03-31,varies,
0c3e77c1,INKAS Rising Star Scholarship,"Be currently enrolled or intending to enroll (i.e., as of January 2023) as a full-time student in Business or Engineering areas of study at an accredited university in Canada or U.S.; and to support the application with appropriate documentation, including but not limited to: school transcripts (uno",https://inkasarmored.com/inkas-rising-star-scholarship-program/,2026-03-31,"$1,500",
2f9f304f,LULAC General Awards,"Grades and academic performance will serve as indicators of potential; however, an emphasis may be placed on the individual's motivation, sincerity, and community involvement.High School - Class of 2021, Community College, College (4-year) Ethnicity: Hispanic or Latino",https://app.goingmerry.com/scholarships/lulac-general-awards/7637,2026-03-31,"$250 - $1,000",
53c55953,Sons Of Utah Pioneers,Any graduating senior planning to attend a post-secondary institution.,Application in room A226,2026-04-01,"$1,500",
58029dab,PCSD Concurrent Enrollment Scholarship,"Eligibility: Must be a senior Must have completed at least 12 concurrent enrollment credits. First consideration will be to first-generation students (parents did not obtain a bachelor’s degree or higher in the U.S.) Enrolling in a trade school, community college, or 4-year university after senior y",,2026-04-01,Varies,
99c0bf73,Navajo Nations Scholarship,"Candidates for the Brown and Caldwell Navajo Nations Scholarship Program must be:  A United States citizen or permanent resident. A full-time student enrolled at an accredited two-year junior or four-year undergraduate college, or a senior in high school with a letter of acceptance from the college ",https://brownandcaldwell.com/careers/navajo-nation-scholarship/,2026-04-01,"$4,000",
72a6e30b,Mattress Nerd Sustainability Scholarship,"Any senior including DACA may apply, 500-1000 word essay on the following 3 questions: 1. What choices can we make as consumers to better our carbon footprints? 2. what reuse and recycle innovations do you think are leading the change in business environmental conscientoiousness? 3. What have you al",https://www.mattressnerd.com/scholarship/,2026-04-01,"$1,000",
5d245b34,Lockheed Martin STEM Scholarship,"HS Senior going into an area of Engineering. 2.5 Minimum GPA, US Citizen. Ineterest in completing an internship during college at Lockheed Martin.",https://www.lockheedmartin.com/en-us/who-we-are/communities/stem-education/lm-scholarship-program.html,2026-04-01,"200 awards of $20,000",
5095fbcc,Legacy Scholarship,"Children of U.S. military members who died while on active duty on or after Sept. 11, 2001.  Children of post-9/11 veterans having been assigned a combined disability rating of 50 percent or greater by the Department of Veterans Affairs also qualify.",https://www.legion.org/scholarships/legacy/about,2026-04-01,"$20,000",
fda9ee5f,Energy Pathways Scholarship - University STEM,"Eligibility  Eligible students must be in the 12th grade and enrolled in any public or private high school in Utah, or a first-year student pursuing a STEM undergraduate degree at a university in Utah. Past scholarship winners are ineligible to apply for the program. Applications consist of a questi",https://completescholarships.scholarshipuniverse.com/student/scholarship/114796?search=true,2026-04-01,"$4,000",
fc937381,"Energy Pathway Scholarship: Tech, Trade & Community College","Eligible students must be in the 12th grade and enrolled in any public or private high school in Utah, or a first-year student pursuing a STEM undergraduate degree or STEM-related technical certification at a Utah institute of higher learning. Past scholarship winners are ineligible to apply for the",https://completescholarships.scholarshipuniverse.com/student/scholarship/140891?search=true,2026-04-01,"$2,000",
21f5e798,Cypress Credit Union Scholarship,"high school senior, member of Cypress Credit Union. Minimum 3.0 GPA plans to attend college in Utah",https://www.cypruscu.com/about/in-the-community/college-scholarships,2026-04-01,up to 15 awards of $1000,
011e6c8e,#AnxietySucks Scholarship,This scholarship is open to any high school senior who is a legal resident of the United States. Scholarship will only be paid to winner who is living in the United States This is NOT a financial need based scholarship Relatives or employees of Life Launch Centers may not enter Home-schooled student,https://www.lifelaunchcenters.com/scholarship/?utm_source=ActiveCampaign&utm_medium=email&utm_content=%23AnxietySucks+%241000+Scholarship+2023+Details&utm_campaign=Anxiety+Scholarship+2023,2026-04-01,"$1,000",
33f1e2c9,Jaqaun Webb Scholarship,High school senior 3.0 or higher Black/African American,https://bold.org/scholarships/jaqaun-webb-scholarship/,2026-04-05,$500,
358363a3,Brian Watkins Memorial Scholarship,"For Provo High School Seniors who can demonstrate academic excellence, has participated in athletics and has financial need. Students will need to write a one page letter telling the committee why you should receive the scholarship.",https://brianwatkinsfoundation.org/apply/,2026-04-14,"$4,000",
621ae158,Utah Jumpstart Financial Literacy Spring Scholarhsip,"1. Be a high school student, graduating class of 2022 or 2023, at an accredited Utah school.  2. Have successfully completed or currently be enrolled in the General Financial Literacy course or  equivalent required course.  3. If selected as a scholarship winner, applicant must show proof that you p",https://www.utahjumpstart.org/scholarship,2026-04-15,"$1,250",
eb2e4eed,Scott and Kim Verplank Foundation Scholarship,"HS Senior diagnosed with Type Diabetes and successfully managing the disease. minimum GPA of 3.0, Participating in an athletic team",http://verplankfoundation.com/scholarships/,2026-04-15,"$10,000",
93cc7c5e,Brigham Young Granddaughters Association Scholarship,Submission requirements must include the following:  · Title Page with name of applicant  · Essay of 800-1000 words  · Current GPA  · Proof of acceptance to a College or University for Fall 2023  · Family tree showing genealogy of applicant to Brigham Young  · Letter of reference from another dues p,https://www.brighamyounggranddaughters.org/scholarship,2026-04-15,"$1,000",
e608a8d3,Husband and Wife Law Team Scholarship,"High School senior enrolled in college for Fall 2021, 3.0 GPA, US Citizen, Permanent Resident or DACA Student. Essay of 500-1000 words on how you intend to use your education no matter what field you end up working in.",https://www.breyerlaw.com/scholarship/,2026-04-19,"$1,000",
e6834f45,Kauwahi 'Anaina Hawai'i Hawaiian Civic Club,"Eligibility: Preference will be given to students with Hawaiian heritage. Awards will be given based on grade point average, personal accomplishments, community involvement, and merit. All applicants must have at least a 2.5 cumulative GPA.",paper application in the CCC or rm. A226,2026-04-21,$500-$1000,
c1d02559,Theresa Lord Future Leader Scholarship,Must be a high school senior or undergraduate student Must be African American or of Caribbean descent,https://bold.org/scholarships/theresa-lord-future-lord-scholarship/,2026-04-23,$500,
2b57af47,Student View Scholarship,"High School seniors who plan to attend a 4-year college or university, or trade school. Complete the 15-20 minute online application survey about colleges in your area",http://www.student-view.com/ScholarshipWmap.html,2026-04-23,"1-$5000 award, 3-$1000 awards, 10-$500 a",
ec659386,Unigo's All About Education Scholarship,"Must be 14 or older and a U.S. legal resident. Respond in 250 words or less to the question ""How will a $3,000 scholarship for education make a difference in your life?""",https://www.unigo.com/scholarships/our-scholarships/all-about-education-scholarship,2026-04-30,"$3,000",
866ee522,Anthony's Scholarship Living with a Sense of Purpose,"High School Senior with 3.0 GPA, A school resume, transcript and 500-1000 word essay on thoughtful ideas on how legislation can b inmplemented to lower or decrease the rate of suicide in the United States.",https://protectingpatientrights.com/anthonys-scholarship-living-with-a-sense-of-purpose-2021/,2026-04-30,"$2,000",
fdf4de1f,Society of Hispanic Professional Engineers,• Active SHPE Member • Minimum Cumulative GPA (High School): 2.75 • High School Senior • Graduating in Summer 2022 • College Freshman in Fall 2022 o Plan to pursue a STEM degree o Attending an academic institution in the United States or Puerto Rico,https://www.shpe.org/uploads/images/general/PDF/Scholarship-Offerings-2022-2023_UPDATED-02.01.22.pdf,2026-04-30,"$1,000",
3c0c4abc,Snapology STEM Studies Scholarship,"Female senior attending college fall 2021, show demonstrated academic achievement, financial need, and an expressed interest in pursuing STEM education.",https://www.snapology.com/scholarships,2026-04-30,"$1,000",
02617b1f,"LetGrow ""Think for Yourself"" Scholarship","High School Student, 500 word essay based on prompt provided on website",https://letgrow.org/program/think-for-yourself-scholarship/,2026-04-30,up to $5000,
e82aaef5,America First Charitable Foundation Scholarships,"High school senior, with community service and leadership and academic potential.",https://www.americafirst.com/about/community-involvement/charitable-outreach-programs/scholarship-application.html,2026-04-30,10 awards of $1000,
437890ea,AbbVie Cystic Fibrosis Scholarship,"Applicants must be United States citizens or a legal and permanent residents of the United States who have been diagnosed with CF by a physician and are enrolled in or awaiting acceptance from an accredited institution (i.e., college, university, or trade/vocational school) for an educational progra",https://www.scholarships.com/financial-aid/college-scholarships/scholarships-by-type/disability-scholarships/abbvie-cystic-fibrosis-scholarship/,2026-04-30,"$25, 000",
d1cd571d,Prochnow Foundation Scholarship,Transcript showing a cumulative high school GPA of at least 3.5 College or trade school acceptance letter Recommendation letter Essay of 250-500 words describing your long-term personal and professional goals and how you achieve at a high level with a mental illness,https://app.goingmerry.com/scholarships/prochnow-foundation-scholarship/8712,2026-04-30,"$1,000",
48223361,America First Credit Union Scholarship,"members must be graduating high school seniors or undergraduate students currently enrolled in a two-year, four-year or technical college or university, and have a passion for serving and helping others.",https://www.americafirst.com/about/community-involvement/charitable-outreach-programs/scholarship-application.html,2026-04-30,Varies,
e1e8147d,"Celebrate the West, High School Art Contest","Entrants from WGA member states will create original two-dimensional artwork inspired by their state or informed by living in the West. Students may draw ideas from a variety of sources, including state history, landmarks, natural resources, National Parks and Monuments, people, communities, and cul",https://app.goingmerry.com/scholarships/celebrate-the-west-high-school-art-competition/7032?utm_source=sendgrid&utm_medium=email&utm_campaign=counselor-scholarship-digest&utm_content=unregistered-coun,2026-04-30,Varies,
9a5a71be,"I Have the Spirit, Yes I do!",The scholarship is open to all high school seniors in the United States who will be attending college in 2023 (community college or a 4-year university!)  Applicants must write a short essay (300-500 words or more) to show us how you demonstrate school spirit,https://app.goingmerry.com/scholarships/i-have-spirit-yes-i-do-scholarship-2023/18883,2026-05-01,"$1,500",
e31613d7,The Paradigm Challenge,"Must be no older than 18 years at the time of submission.  You may work in a team or alone in creating an original and creative way to help solve real-life problems in homes, schools, communities, and/or around the world.  Entries may come in the form of posters, videos, inventions, messages, commun",https://app.goingmerry.com/scholarships/the-paradigm-challenge/16534,2026-05-01,"up to $100,000",
f56f4233,Annual Louise W Pilgrim (LWP) Scholarship,Be a US citizen or legal permanent resident.  Intend to be registered with full-time hours as a student.  Be a high school senior or be currently enrolled at an accredited college or university as an undergraduate or graduate student (specifications vary for each scholarship).  *Students who are cur,https://app.goingmerry.com/scholarships/annual-louise-w-pilgrim-lwp-scholarship/14686,2026-05-01,Varies,
f9ad1d50,Save a Life Scholarship,"HS senior, going into healthcare or education, provide Transcript. Must be 18. Essay of 750-1000 words explaining your career aspiratioins, how you plan to advance healthcare and/or education through your work and what inspired you to commit yourself to this field.",https://www.onlinecprcertification.net/scholarship.php,2026-05-01,2 awards of $1500,
66acbd86,Rover Scholarship,"Seniors attenging college Fall 2022, Essay of 400-500 words on ""How did growing up with a pet in your life (could be a friend's or family member's) impact the person you are today?",https://www.rover.com/college-scholarship/,2026-05-01,"$2,500",
7bb14a0b,Pureland Supply Skilled Trades Scholarship,"Senior planning to attend MTEC or other vocational trades school, A 1-page typed essay on how your chosen trade or field is important in today's society and why this is the trade you want to be in. High school transcript, letter of recommendation from non-family member, completed application.",https://www.purelandsupply.com/t-scholarship.aspx,2026-05-01,"$1,000",
3a55431f,Print and Graphic Scholarship,"High School Seniors pursuing a career in printing technology, graphic Communications, or publishing",https://www.pgsf.wp1.openfunction.website/scholarship-application,2026-05-01,$1000 - $5000,
6c2ce197,Photographers.org Annual Scholarship,"High school senior, have photo ID. 300 word essay describing your interest in photography",https://www.photographer.org/academic-scholarships/,2026-05-01,"$1,000",
af3b4eb6,Odenza Vacations Scholarship,"Students ages 17 to 24, 2.5 GPA. Be a resident of the US or Canada. Essay of up to 1000 words on ""Why do you want to be in College/University?""",https://odenzavacationsscholarships.com/apply.php,2026-05-01,$500,
7f97ddd7,IVEY Essay Contest,The requirements for eligible student entries are:  You should presently be a senior in high school; Or be transitioning from high school to a college or university; Or be already enrolled as an undergraduate in a college or university inside the United States. Employees and their immediate family m,https://www.iveyengineering.com/about-us/scholarship/,2026-05-01,"$1,000",
62194373,Equality Utah & Jeff Green LGBTQ and Allied Student Scholarship,"Students who meet the requirements may apply at any time during or before their higher education experience. To remain eligible for the scholarship, recipients must: - Remain enrolled full-time (at least 12 credits a semester) - Maintain a 2.0 GPA - Participate in the Equality Utah Membership Progra","https://www.equalityutah.org/scholarships#:~:text=Equality%20Utah%20%26%20Jeff%20Green%20LGBTQ,sexual%20orientation%20or%20gender%20identity.",2026-05-01,Varies,
19dbc935,DutchCrafters Amish Furniture Heritage Scholarship,"Senior, legal resident, 3.0 GPA, must have completed the FAFSA, Essay on how you will draw upon your cultural heritage to shape your vocational aspirations, offer creative value to your future employer, and serve your community?",https://www.dutchcrafters.com/heritage-scholarship,2026-05-01,3 awards of $500,
6ddb76d7,Code Wizards HQ Educational Scholarship,"High school senior, 3.5 GPA - Priority to STEM majors, completed FAFSA Application, Letter of recommendation. 600 word essay on, ""Beyond needing financial support, why do you deserve this scholarship?"", resume, unofficial transcript, (Iptional short video - less than 2 minutes, about your need and h",https://codewizardshq.com/scholarship/,2026-05-01,"$2,500",
d7da28ee,Steps for Change Scholarship,"Legal Status in the US, High School Senior, attending college Fall 2021, household income of less than $55,000, GPA of 3.5+, A 1 minute video answering the question: How would you value yourself?,",https://www.wealthbyhealth.org/steps-for-change-scholarship,2026-05-02,"$2,000",
33c9b6f4,Trane Technnician of the Future,"Be a current high school senior, high school graduate or current college undergraduate in an eligible region in the US and Canada.  Be pursuing an HVAC (Heating, ventilation, and air conditioning) degree or certification or building automation technology degree or certification.  plan to enroll in p",https://app.goingmerry.com/scholarships/trane-technician-of-the-future-scholarship/15423?utm_source=sendgrid&utm_medium=email&utm_campaign=counselor-scholarship-digest&utm_content=unregistered-counsel,2026-05-08,"$4,000",
86cf2c7f,Westridge Elementary School Scholarship,Open to seniors who attended Westridge Elementary School. 1 page Essay,Paper Application available in A143/CCC Turn in to Mrs. Castillo by 3pm!,2026-05-09,$500,
07be7753,Principals Leadership,"Paper Applictaion in CCC or A226, Transcript and short essay.",Paper Applictaion,2026-05-10,varies,
c611903f,Darren Hirsche,"Paper Applictaion in CCC or A226, Transcript and short essay.",Paper Application,2026-05-10,varies,
93acb0d7,Cyber America,"CyberStart America gives students in 9th-12th grade free access to the world-renowned CyberStart game.  Tackle four unique bases, each focusing on both offensive and defensive cybersecurity disciplines.  Explore over 200 unique security challenges which you'll solve as a cybersecurity agent investig",https://www.cyberstartamerica.org/?utm_source=Newsletter&utm_medium=email&utm_content=Student+scholarship+opportunities+with+CyberStart+America&utm_campaign=%5BCSA%5D+CyberStart+America+-+Enable+-+tea,2026-05-13,Varies,
03821985,Waste Management Four Corners Scholarship,"Be pursuing a Diesel or Heavy Equipment Mechanic major.  Be a high school senior or graduate, or current college undergraduate.  Plan to enroll in full-time undergraduate study at an accredited two-year college or vocational-technical school for the entire upcoming academic year in Colorado, New Mex",https://app.goingmerry.com/scholarships/wm-four-corners-scholarship-program/15436,2026-05-13,"$2,500",
286139af,Lakeview Elementary Scholarship,"HS senior, must have attended Lakeview Elementary School for at least 1-full year during grades K-6.",paper application in the CCC or online Turn in to Mrs. Castillo by 3pm!,2026-05-14,$500,
015e9b76,The Generation Google Scholarship,"Intend to be enrolled in or accepted as a full-time student in a Bachelors, Masters, or PhD program at an accredited university or college in the United States or Canada for the upcoming academic year  Be studying computer science, computer engineering, or a closely related technical field  Demonstr",https://app.goingmerry.com/scholarships/the-generation-google-scholarship/12395,2026-05-15,"$10,000",
ad636808,NCCF Survivor Scholarship Program,HS senior who has battled cancer or is currently a cancer patient. Check out website for more criteria,http://collegiatecancer.org/scholarships/,2026-05-20,"$1,000",
65b7bb56,NCCF Legacy Scholarship Program,HS seniors who have lost a parent/guardian to cancer. Check the Website for more criteria,http://collegiatecancer.org/scholarships/,2026-05-20,"$1,000",
80281905,MGMA Western Section Scholarship,"Scholarship applicants are required to be a member of MGMA.  Applicants must be enrolled in an undergraduate or graduate degree program relevant to medical practice management, including public health, business administration, healthcare administration and other related areas.  To be eligible to rec",https://app.goingmerry.com/scholarships/mgma-western-section-scholarship/7096,2026-05-22,Varies,
aa8875b5,Beans for Brains Scholarship,"High School Seniors. 3.0 GPA, know how to Knit, Crochet, Weave, Etc. Submit photo of an original knitted, crocheted and/or woven project",https://www.jimmybeanswool.com/details/knitting/scholarshipFAQs.asp,2026-05-24,3 awards of $2500,
1376c0fc,Design a Better Future Scholarship,"To be eligible for the scholarship, applicants must be graduating high school seniors planning on attending an accredited college or university or trade school in the United States of America. Additionally, students must have met all of the requirements described on this website (https://honorsgradu",https://www.honorsgradu.com/Scholarship/,2026-05-28,"$10,000",
98c99214,Unigo: What Does the Number Five Mean to You,"14 years or older, Legal US Resident. 250 words or less essay on"" May is the fifth month of the year. Write a letter to the number five explaining why five is important. Be serious or be funny, either way here's a high five to you for being original.""",https://www.unigo.com/scholarships/our-scholarships/fifth-month-scholarship,2026-05-31,"$1,500",
69a2dae4,American Indian College Fund,"Eligibility  Any Native American U.S. citizen that is a member or descendant of a state or federally recognized tribe with at least a 2.0 grade point average, and enrolled as a full-time student can apply for a scholarship.",https://collegefund.org/students/scholarships/,2026-05-31,Varies,
343cf8ce,Project Management Instutute Scholarship,"To be eligible for this scholarship you must meet the following criteria: ● Utah student attending an accredited Utah High School, College, University, or Trade School (High School students must be a Junior or a Senior. University Students must be Undergraduate in Freshman, Sophomore, or Junior year",https://projectmanager.org/Scholarship,2026-05-31,Varies,
098254d6,HelpTeaching.com Scholarship,"open to all students. Students must submit a short piece of original work. This can be a short story, a personal story or teaching moment. Check out the website for more information",https://www.helpteaching.com/resources/scholarship,2026-06-01,"$1,000",
5a435495,Jane Austen Society of North America Essay Contest,"High School Students, Essay that discusses how Jane Austen uses the arts. Students may discuss the use of the arts in one or more novels.",http://jasna.org/programs/essay-contest?,2026-06-02,$250 to $1000,
a613c7d4,OUT to Innovate,LGBTQ+ students pursuing a STEM career,https://webportalapp.com/sp/login/oti_scholarships_22,2026-06-04,Vaires,
57e8adf9,Horatio Alger CTE Scholarship,Eligibility Criteria:  Have completed high school (or earned a high school equivalency credential) Will be enrolled in eligible program in the Fall Exhibit a strong commitment to pursue and complete a career or technical program (up to 2 years) at an accredited non-profit post-secondary institution ,https://scholars.horatioalger.org/about-our-scholarship-programs/technical/,2026-06-15,"$2,500",
367c0077,Endeavor Design Scholarship,"The Endeavour Design Scholarship is offered in support of creating racial equity in the fields of Fashion/Footwear, Industrial, and Graphic Design.  Requirements:  Scholarship reserved for Black High School students, US residents only. Must be a High School Senior/Student or Returning Freshman, 2nd ",https://bold.org/scholarships/endeavor-design-scholarship/,2026-06-16,"$1,865",
34b304da,Do-Over Scholarship,This award is for U.S. students.| Must be a legal U.S. resident.| Must be a resident of one of the 50 United States or the District of Columbia.| Must be 14 years of age or older at time of application.,https://www.unigo.com/scholarships/our-scholarships/do-over-scholarship,2026-06-30,"$1,500",
8a45e37e,SP Scholarship,High School student who plans on attending college next Fall. Legal resident of U.S. or Puerto Rico,https://studentscholarships.org/scholarship/17749/sp-scholarship,2026-06-30,"$10,000",
7aa62ce0,American Legion: Samsung Scholarship,Must attend Boys or Girls State,https://www.legion.org/scholarships/samsung,2026-06-30,Varies,
e1f56c38,BE Bold Scholarship,"Lottery scholarship - All students can enter, no essay required. Be prepared to get spam from entering this scholarship.",https://bold.org/scholarships/the-be-bold-no-essay-scholarship/#ref=best-scholarships,2026-07-01,"$25,000",
34c68f78,Mohamed Magdi Taha Memorial Scholarship,Undergraduate student Black/African/ Preference to students from Sudan STEM or the arts,https://bold.org/scholarships/mohamed-magdi-taha-memorial-scholarship/,2026-07-01,"$6,000",
154b6aa1,American Legion: Baseball Scholarship,Attach a copy of his official high school transcript. • Have graduated from high school. • Be on a current roster (American Legion National Baseball Electronic Registration Form) filed with National Headquarters. • Be part of a team affiliated with an American Legion post. • Have three letters of te,https://www.legion.org/scholarships/baseball,2026-07-15,Varies,
e24a2289,Wize USA High School Scholarship,"Student (of any age) currently enrolled in an American High School All years are eligible to apply (freshmen, sophomores, juniors, and seniors) No GPA requirement",https://www.wizeprep.com/scholarships/11,2026-07-31,"$1,000",
c4f99913,Spirit Of Giving Scholarship,"High school seniors and current college students planning to attend college or another form of post-secondary education for the full school year following the submission period are eligible to apply. Eligible institutions include but are not limited to four-year universities, community colleges, ins",https://www.winecountrygiftbaskets.com/information/scholarship.asp,2026-07-31,"$1,000",
72b167c9,Flavor of the Month Scholarship,This award is for U.S. students.| Must be a legal U.S. resident.| Must be a resident of one of the 50 United States or the District of Columbia.| Must be 14 years of age or older at time of application.,https://www.unigo.com/scholarships/our-scholarships/flavor-of-the-month-scholarship,2026-07-31,"$1,500",
246ca5ac,DECA Scholarships,Must be a current DECA member to be eligible for DECA scholarships. See website for details,https://www.deca.org/high-school-programs/scholarships/,2026-01-12,Varies,
9ec21eea,Create a Greeting Card Scholarship,"US Residents, 14 years or older. Applicants must design a greeting card and submit their application and artwork",https://www.gallerycollection.com/greeting-cards-scholarship.htm,2026-03-01,"1 award of $10,000",
546139db,National AI Scholarship,"Level 1 - Want to learn about AI with instructors from Stanford, MIT and Carnegie Mellon University, even if you do not have any coding experience?    Apply now for a scholarship for our programs, valued at over $2,000 USD.",https://www.ai-camp.org/scholarship?utm_medium=email&_hsmi=233616512&_hsenc=p2ANqtz-9CHIv5VcRW0ENaZgArFFblEVVvKcrruAow1VlEKvV95_y_PkLyghtgGc3JHCGOaG9YHNjchUZPzXIQhs4dl1rT-dktFA&utm_content=233616512&u,2026-03-25,Varies,
339f0836,2023 Keys to Success Bill J. Pope Scholarship,"You must be a graduating senior to apply and choosing to pursue a Science, Technology, Engineering, and Math (STEM) major. Scholarship Deadline: March 3rd, 2023.",ktsutah.org,2026-03-03,"$1,000",
dcb10dd9,World of 7 Billion Video Contest,"Explain how population growth impacts one of the following global challenges and offer an idea for a sustainable solution. The global challenges are: agriculture and food, urbanization, or ocean health. See webiste for more details",https://www.worldof7billion.org/student-video-contest/,2026-02-22,Varies: See website for more details,
de3e8721,UofU LGBTQ+ Scholarships,Varies,https://lgbt.utah.edu/resources/scholarships.php,2026-02-22,Varies: See website for more details,
8066f6e0,Empower Manufacturing Scholarship for 11th Graders by Powerblanket,REQUIREMENTS • Must attend a high school in Utah • Must show interest in the manufacturing industry/engineering field • Must intend to enroll in a postsecondary institution • Must have a minimum GPA of 3.0  APPLICATION PROJECT Submit a 500-word essay answering these questions: • Why are you interest,https://completescholarships.scholarshipuniverse.com/student/scholarship/139513?search=true,2026-02-28,$500,
fa6cbe02,Fred M. Young Sr./SAE Engineering Scholarship,"U.S. Resident Incoming Freshman Minimum unweighted 3.75 grade point average Pursue an engineering or related science degree through a U.S. ABET accredited program with an interest in mobility (Automotive, Ground or Air) Provide two (2) Letters of Recommendation - one (1) that focuses on academics an",https://www.sae.org/participate/scholarships/fred-m-young-sr-sae-engineering-scholarship,2026-02-28,"$1,000",
a100d816,Empower Manufacturing Scholarship for 12th Graders by Powerblanket,REQUIREMENTS • Must attend a high school in Utah • Must show interest in the manufacturing industry/engineering field • Must intend to enroll in a postsecondary institution • Must have a minimum GPA of 3.0  APPLICATION PROJECT Submit a 500-word essay answering these questions: • Why are you interest,https://completescholarships.scholarshipuniverse.com/student/scholarship/139511?search=true,2026-02-28,"$1,000",
95f1bcaa,The Places You Go,"Eligibility The scholarship is open to any current high school senior, college student or graduate student who is a legal resident of the United States residing in one of the 50 states or the District of Columbia. Candidates for this scholarship should have a minimum GPA of 3.0 or higher and be in g",https://www.afbfamilylaw.com/2023-the-places-you-go-scholarship/,2026-02-28,Varies,
c1d06dc7,USHE Opportunity Scholarship Final Deadline,"Seniors, 3.3 GPA Complete 3 advanced courses in Math, Science, and Language Arts, Complete the FAFSA Graduate ontime from Utah high school. Class of 2022 ONLY- May still use old regents criteria",https://ushe.edu/state-scholarships-aid/opportunity-scholarship/,2026-02-01,Last Dollar,
8aa619c7,Mountain America CU Elevate Scholarship,Scholastic records Character and core values Work ethic and experience Community involvement and contributions Leadership in action,https://www.macu.com/about/community/mountain-america-foundation/scholarship-notification-form,2026-02-12,Varies,
cca46457,APIQWTC Scholarship,"Asian/Pacific Islander lesbian, bisexual, or queer women or transgender individuals pursuing technical, professional, or trades certification or other tuition-based learning.Current students in a U.S.-based certificate or degree-granting program as well as high school seniors and other future studen",https://apiqwtc.org/resources/apiqwtc-scholarship/,2026-02-14,"$2,500",
779e309f,ACB Scholarship Program,"To be eligible for a scholarship, applicants need to be legally blind, maintain a 3.0 GPA to be eligible for most scholarships, be a full-time student (as well as students who work 32 or more hours per week and attend college part time), and be involved in their school/local community.",https://www.acb.org/scholarships,2026-02-14,Varies,
be4f3afd,The Linda S. Montross New Latin Educators Scholarship,"The National Latin Exam is excited to continue its New Latin Educators Scholarship. In keeping with the spirit of inspiring young people to enter the teaching profession, the NLE will award up to 10 $2000 scholarships in 2023 to high school seniors, college students, or students enrolled in a master",https://docs.google.com/forms/d/e/1FAIpQLSdk9VOHA2EiSZpgcLutop2iklPTCr9T8Tekstvgl4TCfDcAYQ/viewform?c=0&w=1,2026-02-15,"$2,000",
dfa2f806,UIAAA Student-Athlete Scholarship,Become a member of the UIAAA,https://uiaaa.org/uiaaa-student-athlete-scholarship-applications-2/,2026-01-31,Varies,
6256c653,DAR National Society Scholarship,"Applicants must be citizens of the United States. Applicants must attend or plan to attend an accredited college or university in the United States. All multi-year scholarships, typically renewable up to four years, must be for consecutive years of attendance. Awards are based on academic excellence",https://www.dar.org/national-society/scholarships,2026-01-31,Varies,
ee9d2a28,Fossi Scholarship,Be a citizen or legal permanent resident of the United States Complete or have completed high school with a minimum GPA of 3.0 on a 4.0 scale (unweighted) and be entering their freshman year of college Pursue studies in a pertinent chemical and engineering industry STEM field. See preferred majors A,https://www.tfaforms.com/5003307?utm_source=webpage&utm_medium=CTA&utm_campaign=FOSSI-2022,2026-01-31,"up to $40,000",
af8c4d4e,Girls & Boys State Opens,Check Websites for details,https://apps.weber.edu/girlsstate/ https://www.legion.org/boysnation/about,2026-01-01,Summer Program,
3cbd0674,Carl N. and Margaret Karcher Founders' Scholarship Program,"Students, age 21 and under, who reside in Alaska, Arizona, California, Colorado, Hawaii, Idaho, Louisiana, Nevada, New Mexico, Oklahoma, Oregon, Texas, Utah, Washington or Wyoming. High school seniors or graduates, who plan to enroll for the first time in full-time undergraduate study at an accredit",https://learnmore.scholarsapply.org/karcherfounders/,2026-01-01,Varies,
14a7d36a,Foot Locker Scholars Program,"student-athletes who demonstrate exceptional academic abiltity adn strong leadership skills in sports, school, and community",https://footlockerscholarathletes.squarespace.com/,TBA,"20 awards of $20,000",
b498e6e4,Traub-Dicker Rainbow Scholarship,"To be eligible, applicants must:  Identify as a lesbian  Plan to attend a college or university in the United States (including graduate school) in the Fall",https://www.grantinterface.com/Home/Logon?ReturnUrl=%2fProcess%2fShortLinkApply%3fprocessGuid%3dc084678f-b00d-4093-a631-09fdffec0ddb%26UrlKey%3dstonewallcfschol&processGuid=c084678f-b00d-4093-a631-09f,Varies,"$4,000",
9c148abb,"$10,000 College Scholarship for High School Students","all students can participate, this is a sweepstakes scholarship and may produce spam into your email inbox.",https://www.scholarshippoints.com/win5/?st=2361&offer_id=11&aff_sub=&aff_sub2=&transaction_id=102bf121d6ff99685e02cf23ef341a&utm_source=&utm_medium=Affiliate&utm_campaign=ScholarshipPoints%2B%2410%2C0,Monthly,"10 awards of $10,000",
d57e1431,You Deserve It Scholarship,"13 years old, fill out application and submit online. This is a drawing scholarship. Students should be aware they may sell your information causing spam mail. This scholarship is recurring every month. Students who have received this scholarship are no longer eligible to enter.",https://scholarshipowl.com/awards/you-deserve-it-scholarship?transaction_id=1023e96204f203bbe15bc81afa782f&offer_id=24&affiliate_id=1085&aff_sub=&aff_sub2=&aff_sub3=&aff_sub4=&aff_sub5=,Monthly,"$1,000",
e52fb71b,No Essay ‘You Deserve It’ Scholarship,"Must be at least 16 years of age and a resident of any of the 50 United States, District of Columbia or US Territories (except for Rhode Island and Michigan). Additionally, you must either be enrolled now, or will be enrolled within three months of applying for the scholarship, in a qualified high s",https://scholarshipowl.com/awards/you-deserve-it-scholarship?transaction_id=102edeb8aa560215ba9c7f7d68eb2e&offer_id=24&affiliate_id=1677&aff_sub=&aff_sub2=&aff_sub3=&aff_sub4=&aff_sub5=,Monthly,"$2,222",
7a848cb9,Nitro No-Essay Scholarhsip,Be a High School Student,https://www.nitrocollege.com/nitro-scholarship-application?utm_source=cpc&utm_medium=unigo&utm_campaign=unigo_student_grad,Monthly,"$2,000",
56f430b6,"Niche ""No Essay"" College Scholarship","Create an account and submit your entry, You must be 18 years or older or planning on attending college in the Fall of 2021",https://www.niche.com/colleges/scholarship/no-essay-scholarship/?utm_source=ScholarshipExperts&utm_medium=Referral&utm_campaign=SEnes&source=se,Monthly,1 award of $2000,
5431f9f1,Discover Scholarship,"Lottery scholarship - All students can enter, no essay required. Be prepared to get spam from entering this scholarship",https://www.discover.com/student-loans/college-planning/scholarships/award,Monthly,"$5,000",
1f3199f2,Delete Cyberbullying Scholarship,Choose one of the two prompts about cyberbullying. Write a 500 word response and submit online.,https://www.endcyberbullying.net/scholarship/,Monthly,"$1,000",
32e320ee,CollegeXpress No-Essay Scholarship,High School student,https://bold.org/scholarships/collegexpress-no-essay-scholarship/#ref=great-scholarships,Monthly,"$1,200",
d9bc0ab6,College Coverd Entry Scholarship,"Sign up for emails to get helpful college tips and resources. Eligible students and parents can enter for the chance to win a scholarship. Throughout the year, 12 winners will be randomly selected to receive a $5,000 Discover® Student Loans Scholarship Award to help cover college expenses.",https://scholarship.collegecovered.com/?acmpgn=E_EAW_CSEM_BM_X_BMHS2#/aboutyou,Monthly,"$15,000",
f2b13dc9,College Scholarship for High School Students,Lottery Scholarship,https://www.scholarshippoints.com/win5/?st=2361&offer_id=11&aff_sub=&aff_sub2=&transaction_id=1020f363f6331e3c7838f7b2f7731a&utm_source=&utm_medium=Affiliate&utm_campaign=ScholarshipPoints%2B%2410%2C0,Monthly,"$10,000",
4f704dc0,Nitro Scholarship,Complete Sweepstakes info. All High School students (sweepstakes scholarships may cause unlimited span email),https://www.nitrocollege.com/nitro-scholarship-application?utm_source=cpc&utm_medium=unigo&utm_campaign=unigo_student_grad,Monthly,1 award of $2000,
180865ca,$1000 Genius Loci Scholarship,This is a lottery scholarship. Students need to be at least 13 to enter the drawing.,https://www.scholarshippoints.com/win5/?st=2361&offer_id=11&aff_sub=scholarship1&aff_sub2=Pinnacle15370&transaction_id=1024a5626e286816bbf956de881e3b&utm_source=&utm_medium=Affiliate&utm_campaign=Scho,Monthly,"$10,000",
a14638d4,"Ascent $1,000 Monthly Community Champions Scholarship Giveaway","Eligibility. The Promotion is open only to: students that are (i) enrolled in a degree program at least half-time, or technical skills training program (for example, a coding bootcamp) and (ii) legal residents of one of the fifty United States or the District of Columbia or DACA status student, age ",https://www.ascentfunding.com/scholarships/community-champions/#//,Monthly,"$1,000",
99a5b826,Innovation in Education Scholarship,"Eligibility: Open to any high school or college student within the U.S. or Canada with a cumulative GPA of 3.0+.  Submit: Online application, letter of recommendation, self-photo, and an essay describing the goal of the particular project and provide supporting documentation (no min or max word/page",https://www.latutors123.com/scholarships/innovation-in-education/,Monthly,$500,
b22312d7,MyMozaic Monthly Scholarship,Applicants must be U.S. citizens or are lawfully living in the United States and must be 13 years of age or older on the date of their entry. Selection is based on the quality of students’ MyMozaic profile.,https://www.mymozaic.com/sasscholarship.php?sscid=a1k5_xxatt,Monthly,"$1,000",
cd3c999e,"$2,000 ""No Essay"" College Scholarship™",High School Student,https://www.niche.com/colleges/scholarships/no-essay-scholarship/,Monthly,"$2,000",
72c66b61,Keys to Success: MTEC Scholarship,senior student going to MTEC,Keys to Success App,Open,$500,
4d27ff27,Utah First Cash for College Scholarship,"A member of Utah First Credit Union A current college, trade school, or vocational school student (in any state)","https://utahfirst.com/scholarship/#:~:text=The%20Utah%20First%20Cash%20for,school%20student%20(in%20any%20state)",Quartarly,"$1,000",
9fb68f4e,Horatio Alger National Scholarship,Be enrolled full time as a high school junior in the United States Exhibit a strong commitment to pursue and complete a bachelor’s degree at an accredited non-profit public or private institution in the United States (students may start their studies at a two-year institution and then transfer to a ,https://app.smarterselect.com/programs/76253,2026-09-01,"up tp $25,000",
5a2c19b9,NROTC at U of U,"High School Senior, ACT scores of 21 Math, 22 English, 47 Combined",stephanie.varnell@navy.mil or come to the CCC for more information,TBA,Full tuition for up to 4 years at the Un,
bc87e146,Scholarships for Undocu Students,"Hispanic students who are beginning or continuing their studies at higher educational institution and demonstrate leadership in extra-curricular activities, a commitment to volunteer service in the community and financial need; be an incoming or continuing full-time undergraduate student full-time; ",https://www.scholarships.com/financial-aid/college-scholarships/scholarships-by-type/scholarships-for-undocumented-students/pepsico-cesar-chavez-latino-scholarship/,Varies,Varies,
b08b9db9,Scholastic Art & Writing Awards: Gold Medal Portfolio Award,"This award is for international and U.S. students. Must be in grades seven through twelve. Must have an interest in writing or art. This award is for U.S. and Canadian students. Applicants must be attending a U.S. or Canadian school, or attending an American school abroad.",https://www.artandwriting.org/awards/how-to-enter/,Varies,"$1,000",
9288fc63,Stephen J. Brady Stop Hunger Scholarships,"All applicants must be enrolled in an accredited educational institution (kindergarten through graduate school) in the United States. All applicants must be ages 5-25 and meet the age requirement by Oct. 5, 2022. 2. All applicants must have demonstrated on-going commitment to their community by perf",http://us.stop-hunger.org/home/grants.html,Varies,Varies,
c9f6400d,"See Us, Hear Us: Climate Justice",Advocate for climate justice in your community,https://www.dosomething.org/us/stories/climate-justice,Varies,"$2,500",
59c04e59,Native American Scholarship Opportunities,High school student enrolled member of a federally recognized Native American Tribe and enrolled in a natural resource course,https://www.itcnet.org/about_us/scholarships.html,Varies,"$2,500",
5e59e800,Denny's Hungry for Education Scholarship,See website for details,https://www.dennyshungryforeducation.com/,Varies,varies,
a2f6085e,Big Futures Scholarship,"Senior, attending college no later than Fall 2023",https://bigfuture.collegeboard.org/pay-for-college/bigfuture-scholarships,Varies,"up to $40,000",
0798d5be,GoTrancript Academic Scholarship Program,"HS Senior, short 500-1000 word essay on ""How language has helped you express your voice.""",https://gotranscript.com/scholarship-program,Year-Round,"$1,000",
ff639492,Sallie Mae Scholarship,Open to high school seniors.,https://www.salliemae.com/scholarships/2k-scholarship/?dtd_cell=SMPLSODCZPPSOTOTOTHOTHRN010000&utm_source=h2win&utm_medium=cpc&utm_campaign=acq1p_htws_s_u_u_sch_u_u&utm_content=bau,Last day of each month,"$2,000",
d5362794,DOD Scholarship,,https://www.smartscholarship.org/smart?id=smart_index,Varies,Varies,
